judge,dataset,metric,range_min,range_max,spearman_rho,kendall_tau
gemini3_flash,summeval,coh,0,1,0.585186,0.533382
gemini3_flash,summeval,coh,1,3,0.564412,0.509761
gemini3_flash,summeval,coh,1,5,0.611514,0.533552
gemini3_flash,summeval,coh,1,10,-0.122449,-0.089078
gemini3_flash,summeval,coh,0,10,0.135295,0.120735
gemini3_flash,summeval,coh,0,100,0.354125,0.309800
gemini3_flash,summeval,coh,0,0.5,0.640115,0.548206
gemini3_flash,summeval,coh,0,2,0.549344,0.502099
gemini3_flash,summeval,coh,0,5,0.603006,0.521863
gemini3_flash,summeval,coh,5,10,0.091596,0.083632
gemini3_flash,summeval,coh,20,25,0.645255,0.542570
gemini3_flash,summeval,coh,-0.1,0.1,0.625259,0.534512
gemini3_flash,summeval,coh,-0.5,0.5,0.647676,0.541202
gemini3_flash,summeval,coh,-1,1,0.535496,0.475466
gemini3_flash,summeval,coh,-2,2,0.480275,0.420894
gemini3_flash,summeval,coh,-3,3,0.461784,0.402752
gemini3_flash,summeval,coh,-4,4,0.490160,0.427445
gemini3_flash,summeval,coh,-5,5,0.527003,0.456425
gemini3_flash,summeval,coh,-1,3,0.578100,0.509662
gemini3_flash,summeval,coh,0,1000,0.212390,0.191212
gemini3_flash,summeval,con,0,1,0.690223,0.672717
gemini3_flash,summeval,con,1,3,0.711639,0.691253
gemini3_flash,summeval,con,1,5,0.677213,0.653828
gemini3_flash,summeval,con,1,10,-0.521109,-0.501331
gemini3_flash,summeval,con,0,10,-0.035605,-0.033950
gemini3_flash,summeval,con,0,100,-0.034988,-0.035552
gemini3_flash,summeval,con,0,0.5,0.697550,0.674531
gemini3_flash,summeval,con,0,2,0.711413,0.690999
gemini3_flash,summeval,con,0,5,0.695340,0.672728
gemini3_flash,summeval,con,5,10,-0.213329,-0.205743
gemini3_flash,summeval,con,20,25,0.702629,0.676290
gemini3_flash,summeval,con,-0.1,0.1,0.687359,0.663352
gemini3_flash,summeval,con,-0.5,0.5,0.704512,0.676730
gemini3_flash,summeval,con,-1,1,0.576972,0.562091
gemini3_flash,summeval,con,-2,2,0.550895,0.535963
gemini3_flash,summeval,con,-3,3,0.571627,0.557082
gemini3_flash,summeval,con,-4,4,0.641518,0.625801
gemini3_flash,summeval,con,-5,5,0.574316,0.557834
gemini3_flash,summeval,con,-1,3,0.653709,0.634632
gemini3_flash,summeval,con,0,1000,-0.437771,-0.426635
gemini3_flash,summeval,flu,0,1,0.391234,0.375696
gemini3_flash,summeval,flu,1,3,0.456913,0.438003
gemini3_flash,summeval,flu,1,5,0.454400,0.429342
gemini3_flash,summeval,flu,1,10,0.072117,0.068945
gemini3_flash,summeval,flu,0,10,0.181640,0.164851
gemini3_flash,summeval,flu,0,100,0.287094,0.264746
gemini3_flash,summeval,flu,0,0.5,0.558600,0.533603
gemini3_flash,summeval,flu,0,2,0.401512,0.385060
gemini3_flash,summeval,flu,0,5,0.442490,0.418511
gemini3_flash,summeval,flu,5,10,0.037220,0.038796
gemini3_flash,summeval,flu,20,25,0.500689,0.452209
gemini3_flash,summeval,flu,-0.1,0.1,0.527176,0.494823
gemini3_flash,summeval,flu,-0.5,0.5,0.565558,0.536388
gemini3_flash,summeval,flu,-1,1,0.438539,0.414340
gemini3_flash,summeval,flu,-2,2,0.322200,0.303354
gemini3_flash,summeval,flu,-3,3,0.383760,0.360147
gemini3_flash,summeval,flu,-4,4,0.463624,0.436588
gemini3_flash,summeval,flu,-5,5,0.432483,0.408709
gemini3_flash,summeval,flu,-1,3,0.493059,0.466564
gemini3_flash,summeval,flu,0,1000,0.302521,0.288051
gemini3_flash,summeval,rel,0,1,0.397448,0.357324
gemini3_flash,summeval,rel,1,3,0.492421,0.432851
gemini3_flash,summeval,rel,1,5,0.513122,0.442836
gemini3_flash,summeval,rel,1,10,0.096237,0.089052
gemini3_flash,summeval,rel,0,10,0.270849,0.229885
gemini3_flash,summeval,rel,0,100,0.349542,0.301491
gemini3_flash,summeval,rel,0,0.5,0.533050,0.452956
gemini3_flash,summeval,rel,0,2,0.466681,0.414255
gemini3_flash,summeval,rel,0,5,0.499678,0.430155
gemini3_flash,summeval,rel,5,10,0.147555,0.128123
gemini3_flash,summeval,rel,20,25,0.557491,0.477670
gemini3_flash,summeval,rel,-0.1,0.1,0.528930,0.442264
gemini3_flash,summeval,rel,-0.5,0.5,0.538458,0.444837
gemini3_flash,summeval,rel,-1,1,0.404844,0.353104
gemini3_flash,summeval,rel,-2,2,0.423723,0.369343
gemini3_flash,summeval,rel,-3,3,0.419791,0.357767
gemini3_flash,summeval,rel,-4,4,0.399828,0.344787
gemini3_flash,summeval,rel,-5,5,0.434412,0.370230
gemini3_flash,summeval,rel,-1,3,0.494496,0.430088
gemini3_flash,summeval,rel,0,1000,0.271084,0.238076
gemini3_flash,newsroom,coh,0,1,0.471346,0.435970
gemini3_flash,newsroom,coh,1,3,0.545698,0.496256
gemini3_flash,newsroom,coh,1,5,0.557970,0.501960
gemini3_flash,newsroom,coh,1,10,0.337749,0.305240
gemini3_flash,newsroom,coh,0,10,0.520292,0.451204
gemini3_flash,newsroom,coh,0,100,0.547129,0.481876
gemini3_flash,newsroom,coh,0,0.5,0.625374,0.558216
gemini3_flash,newsroom,coh,0,2,0.522612,0.474271
gemini3_flash,newsroom,coh,0,5,0.592811,0.527223
gemini3_flash,newsroom,coh,5,10,0.306260,0.275144
gemini3_flash,newsroom,coh,20,25,0.370488,0.338220
gemini3_flash,newsroom,coh,-0.1,0.1,0.543112,0.484068
gemini3_flash,newsroom,coh,-0.5,0.5,0.535680,0.470797
gemini3_flash,newsroom,coh,-1,1,0.157426,0.136497
gemini3_flash,newsroom,coh,-2,2,0.342864,0.313970
gemini3_flash,newsroom,coh,-3,3,0.281534,0.254989
gemini3_flash,newsroom,coh,-4,4,0.195075,0.171483
gemini3_flash,newsroom,coh,-5,5,0.370646,0.349411
gemini3_flash,newsroom,coh,-1,3,0.392468,0.357344
gemini3_flash,newsroom,coh,0,1000,0.493806,0.434159
gemini3_flash,newsroom,flu,0,1,0.231141,0.210533
gemini3_flash,newsroom,flu,1,3,0.389741,0.349273
gemini3_flash,newsroom,flu,1,5,0.355406,0.307241
gemini3_flash,newsroom,flu,1,10,0.244027,0.214145
gemini3_flash,newsroom,flu,0,10,0.242651,0.210708
gemini3_flash,newsroom,flu,0,100,0.294633,0.252342
gemini3_flash,newsroom,flu,0,0.5,0.404032,0.355046
gemini3_flash,newsroom,flu,0,2,0.329751,0.298756
gemini3_flash,newsroom,flu,0,5,0.339405,0.295185
gemini3_flash,newsroom,flu,5,10,0.217475,0.192248
gemini3_flash,newsroom,flu,20,25,0.077641,0.063182
gemini3_flash,newsroom,flu,-0.1,0.1,0.322226,0.279650
gemini3_flash,newsroom,flu,-0.5,0.5,0.407096,0.357139
gemini3_flash,newsroom,flu,-1,1,0.192759,0.169328
gemini3_flash,newsroom,flu,-2,2,0.255209,0.226145
gemini3_flash,newsroom,flu,-3,3,0.193378,0.168341
gemini3_flash,newsroom,flu,-4,4,0.208347,0.186653
gemini3_flash,newsroom,flu,-5,5,0.243678,0.217495
gemini3_flash,newsroom,flu,-1,3,0.322015,0.276619
gemini3_flash,newsroom,flu,0,1000,0.284418,0.248047
gemini3_flash,newsroom,inf,0,1,0.430437,0.395416
gemini3_flash,newsroom,inf,1,3,0.450640,0.406272
gemini3_flash,newsroom,inf,1,5,0.521436,0.459418
gemini3_flash,newsroom,inf,1,10,0.121671,0.104463
gemini3_flash,newsroom,inf,0,10,0.408445,0.353447
gemini3_flash,newsroom,inf,0,100,0.375328,0.318725
gemini3_flash,newsroom,inf,0,0.5,0.521498,0.461551
gemini3_flash,newsroom,inf,0,2,0.514832,0.464404
gemini3_flash,newsroom,inf,0,5,0.540889,0.477505
gemini3_flash,newsroom,inf,5,10,-0.049576,-0.044701
gemini3_flash,newsroom,inf,20,25,0.530962,0.460043
gemini3_flash,newsroom,inf,-0.1,0.1,0.496575,0.430069
gemini3_flash,newsroom,inf,-0.5,0.5,0.458135,0.403026
gemini3_flash,newsroom,inf,-1,1,0.295316,0.266025
gemini3_flash,newsroom,inf,-2,2,0.357383,0.323969
gemini3_flash,newsroom,inf,-3,3,0.296646,0.264662
gemini3_flash,newsroom,inf,-4,4,0.372867,0.337001
gemini3_flash,newsroom,inf,-5,5,0.289747,0.254064
gemini3_flash,newsroom,inf,-1,3,0.344497,0.313089
gemini3_flash,newsroom,inf,0,1000,0.280377,0.230044
gemini3_flash,newsroom,rel,0,1,0.280157,0.262763
gemini3_flash,newsroom,rel,1,3,0.332541,0.300276
gemini3_flash,newsroom,rel,1,5,0.512947,0.453147
gemini3_flash,newsroom,rel,1,10,0.399482,0.349517
gemini3_flash,newsroom,rel,0,10,0.434141,0.373815
gemini3_flash,newsroom,rel,0,100,0.522371,0.470141
gemini3_flash,newsroom,rel,0,0.5,0.531358,0.453131
gemini3_flash,newsroom,rel,0,2,0.462289,0.420038
gemini3_flash,newsroom,rel,0,5,0.489042,0.437131
gemini3_flash,newsroom,rel,5,10,0.288827,0.248247
gemini3_flash,newsroom,rel,20,25,0.474232,0.414503
gemini3_flash,newsroom,rel,-0.1,0.1,0.427066,0.360869
gemini3_flash,newsroom,rel,-0.5,0.5,0.436197,0.372546
gemini3_flash,newsroom,rel,-1,1,-0.018972,-0.042342
gemini3_flash,newsroom,rel,-2,2,0.214378,0.193486
gemini3_flash,newsroom,rel,-3,3,0.184437,0.152026
gemini3_flash,newsroom,rel,-4,4,0.116443,0.078937
gemini3_flash,newsroom,rel,-5,5,-0.015647,-0.042221
gemini3_flash,newsroom,rel,-1,3,0.423114,0.377798
gemini3_flash,newsroom,rel,0,1000,0.445088,0.401946
gemini3_flash,tc,coh,0,1,0.589846,0.564220
gemini3_flash,tc,coh,1,3,0.633961,0.598089
gemini3_flash,tc,coh,1,5,0.629795,0.584091
gemini3_flash,tc,coh,1,10,0.028140,0.023422
gemini3_flash,tc,coh,0,10,0.078659,0.070900
gemini3_flash,tc,coh,0,100,0.195869,0.174563
gemini3_flash,tc,coh,0,0.5,0.679211,0.630567
gemini3_flash,tc,coh,0,2,0.616049,0.577840
gemini3_flash,tc,coh,0,5,0.628567,0.574981
gemini3_flash,tc,coh,5,10,0.092642,0.080150
gemini3_flash,tc,coh,20,25,0.651620,0.584254
gemini3_flash,tc,coh,-0.1,0.1,0.632209,0.590114
gemini3_flash,tc,coh,-0.5,0.5,0.702942,0.651324
gemini3_flash,tc,coh,-1,1,0.463023,0.451961
gemini3_flash,tc,coh,-2,2,0.537123,0.503420
gemini3_flash,tc,coh,-3,3,0.532837,0.494667
gemini3_flash,tc,coh,-4,4,0.509108,0.474706
gemini3_flash,tc,coh,-5,5,0.575755,0.542182
gemini3_flash,tc,coh,-1,3,0.620478,0.584588
gemini3_flash,tc,coh,0,1000,0.244824,0.218702
gemini3_flash,tc,eng,0,1,0.705015,0.670639
gemini3_flash,tc,eng,1,3,0.704944,0.655208
gemini3_flash,tc,eng,1,5,0.727855,0.655734
gemini3_flash,tc,eng,1,10,0.647078,0.581417
gemini3_flash,tc,eng,0,10,0.629314,0.560036
gemini3_flash,tc,eng,0,100,0.670976,0.600788
gemini3_flash,tc,eng,0,0.5,0.758561,0.684397
gemini3_flash,tc,eng,0,2,0.601638,0.557011
gemini3_flash,tc,eng,0,5,0.709520,0.638434
gemini3_flash,tc,eng,5,10,0.670685,0.610829
gemini3_flash,tc,eng,20,25,0.732691,0.661408
gemini3_flash,tc,eng,-0.1,0.1,0.715881,0.637846
gemini3_flash,tc,eng,-0.5,0.5,0.733285,0.650643
gemini3_flash,tc,eng,-1,1,0.516935,0.473442
gemini3_flash,tc,eng,-2,2,0.656882,0.613238
gemini3_flash,tc,eng,-3,3,0.566734,0.522408
gemini3_flash,tc,eng,-4,4,0.609396,0.558441
gemini3_flash,tc,eng,-5,5,0.566545,0.512307
gemini3_flash,tc,eng,-1,3,0.672560,0.612572
gemini3_flash,tc,eng,0,1000,0.607444,0.543576
gemini3_flash,tc,gro,0,1,0.559817,0.542869
gemini3_flash,tc,gro,1,3,0.584955,0.556517
gemini3_flash,tc,gro,1,5,0.534802,0.518382
gemini3_flash,tc,gro,1,10,0.036716,0.038028
gemini3_flash,tc,gro,0,10,0.415468,0.380187
gemini3_flash,tc,gro,0,100,0.459035,0.430968
gemini3_flash,tc,gro,0,0.5,0.581098,0.539659
gemini3_flash,tc,gro,0,2,0.550455,0.524913
gemini3_flash,tc,gro,0,5,0.542833,0.511494
gemini3_flash,tc,gro,5,10,0.038573,0.035894
gemini3_flash,tc,gro,20,25,0.586785,0.542398
gemini3_flash,tc,gro,-0.1,0.1,0.496430,0.475808
gemini3_flash,tc,gro,-0.5,0.5,0.546928,0.519475
gemini3_flash,tc,gro,-1,1,0.483003,0.463590
gemini3_flash,tc,gro,-2,2,0.511815,0.487394
gemini3_flash,tc,gro,-3,3,0.335819,0.316135
gemini3_flash,tc,gro,-4,4,0.448607,0.422185
gemini3_flash,tc,gro,-5,5,0.363435,0.346918
gemini3_flash,tc,gro,-1,3,0.497676,0.468486
gemini3_flash,tc,gro,0,1000,0.489288,0.464562
gemini3_flash,tc,nat,0,1,0.611293,0.574256
gemini3_flash,tc,nat,1,3,0.614250,0.556591
gemini3_flash,tc,nat,1,5,0.613997,0.547372
gemini3_flash,tc,nat,1,10,0.327417,0.291637
gemini3_flash,tc,nat,0,10,0.398479,0.347174
gemini3_flash,tc,nat,0,100,0.514954,0.450538
gemini3_flash,tc,nat,0,0.5,0.643709,0.572143
gemini3_flash,tc,nat,0,2,0.531975,0.479168
gemini3_flash,tc,nat,0,5,0.611006,0.537324
gemini3_flash,tc,nat,5,10,0.410112,0.369970
gemini3_flash,tc,nat,20,25,0.614130,0.520128
gemini3_flash,tc,nat,-0.1,0.1,0.000000,0.000000
gemini3_flash,tc,nat,-0.5,0.5,0.678933,0.613528
gemini3_flash,tc,nat,-1,1,0.485553,0.448120
gemini3_flash,tc,nat,-2,2,0.426124,0.384856
gemini3_flash,tc,nat,-3,3,0.518855,0.466296
gemini3_flash,tc,nat,-4,4,0.557690,0.504465
gemini3_flash,tc,nat,-5,5,0.533014,0.477710
gemini3_flash,tc,nat,-1,3,0.588533,0.544793
gemini3_flash,tc,nat,0,1000,0.498725,0.439496
gemini3_flash,wp_a,coh,0,1,0.420860,0.364684
gemini3_flash,wp_a,coh,1,3,0.556945,0.463003
gemini3_flash,wp_a,coh,1,5,0.564757,0.450277
gemini3_flash,wp_a,coh,1,10,0.397386,0.313122
gemini3_flash,wp_a,coh,0,10,0.448533,0.348556
gemini3_flash,wp_a,coh,0,100,0.522959,0.408203
gemini3_flash,wp_a,coh,0,0.5,0.605646,0.487098
gemini3_flash,wp_a,coh,0,2,0.521196,0.436177
gemini3_flash,wp_a,coh,0,5,0.570999,0.455295
gemini3_flash,wp_a,coh,5,10,0.450059,0.360956
gemini3_flash,wp_a,coh,20,25,0.565717,0.453093
gemini3_flash,wp_a,coh,-0.1,0.1,0.600142,0.475954
gemini3_flash,wp_a,coh,-0.5,0.5,0.613992,0.483530
gemini3_flash,wp_a,coh,-1,1,0.371023,0.304042
gemini3_flash,wp_a,coh,-2,2,0.439279,0.360296
gemini3_flash,wp_a,coh,-3,3,0.457573,0.370383
gemini3_flash,wp_a,coh,-4,4,0.491095,0.392869
gemini3_flash,wp_a,coh,-5,5,0.482523,0.384215
gemini3_flash,wp_a,coh,-1,3,0.536412,0.433826
gemini3_flash,wp_a,coh,0,1000,0.515858,0.403317
gemini3_flash,wp_a,enj,0,1,0.029485,0.025268
gemini3_flash,wp_a,enj,1,3,0.335662,0.280351
gemini3_flash,wp_a,enj,1,5,0.421252,0.334810
gemini3_flash,wp_a,enj,1,10,0.463095,0.359155
gemini3_flash,wp_a,enj,0,10,0.449999,0.342091
gemini3_flash,wp_a,enj,0,100,0.421898,0.328517
gemini3_flash,wp_a,enj,0,0.5,0.542495,0.430838
gemini3_flash,wp_a,enj,0,2,0.295043,0.248007
gemini3_flash,wp_a,enj,0,5,0.440920,0.350269
gemini3_flash,wp_a,enj,5,10,0.394085,0.311977
gemini3_flash,wp_a,enj,20,25,0.486817,0.384556
gemini3_flash,wp_a,enj,-0.1,0.1,0.496701,0.384949
gemini3_flash,wp_a,enj,-0.5,0.5,0.491662,0.381640
gemini3_flash,wp_a,enj,-1,1,0.226734,0.168603
gemini3_flash,wp_a,enj,-2,2,0.354611,0.287331
gemini3_flash,wp_a,enj,-3,3,0.363919,0.287801
gemini3_flash,wp_a,enj,-4,4,0.397802,0.308336
gemini3_flash,wp_a,enj,-5,5,0.367307,0.285593
gemini3_flash,wp_a,enj,-1,3,0.361473,0.289235
gemini3_flash,wp_a,enj,0,1000,0.372773,0.296560
gemini3_flash,wp_a,gra,0,1,0.335544,0.292687
gemini3_flash,wp_a,gra,1,3,0.293662,0.252203
gemini3_flash,wp_a,gra,1,5,0.407478,0.341495
gemini3_flash,wp_a,gra,1,10,-0.147453,-0.118749
gemini3_flash,wp_a,gra,0,10,0.051520,0.039460
gemini3_flash,wp_a,gra,0,100,0.109622,0.083845
gemini3_flash,wp_a,gra,0,0.5,0.500520,0.421721
gemini3_flash,wp_a,gra,0,2,0.336770,0.292823
gemini3_flash,wp_a,gra,0,5,0.386045,0.323012
gemini3_flash,wp_a,gra,5,10,0.074721,0.058761
gemini3_flash,wp_a,gra,20,25,0.000000,0.000000
gemini3_flash,wp_a,gra,-0.1,0.1,0.000000,0.000000
gemini3_flash,wp_a,gra,-0.5,0.5,0.536458,0.431292
gemini3_flash,wp_a,gra,-1,1,0.371130,0.307900
gemini3_flash,wp_a,gra,-2,2,0.360622,0.298022
gemini3_flash,wp_a,gra,-3,3,0.367988,0.303843
gemini3_flash,wp_a,gra,-4,4,0.332977,0.276297
gemini3_flash,wp_a,gra,-5,5,0.393854,0.329222
gemini3_flash,wp_a,gra,-1,3,0.348171,0.297673
gemini3_flash,wp_a,gra,0,1000,0.010287,0.009514
gemini3_flash,wp_a,rel,0,1,0.452173,0.383788
gemini3_flash,wp_a,rel,1,3,0.515519,0.422999
gemini3_flash,wp_a,rel,1,5,0.546977,0.439011
gemini3_flash,wp_a,rel,1,10,0.191167,0.153606
gemini3_flash,wp_a,rel,0,10,0.321096,0.247196
gemini3_flash,wp_a,rel,0,100,0.397194,0.301914
gemini3_flash,wp_a,rel,0,0.5,0.598173,0.475056
gemini3_flash,wp_a,rel,0,2,0.529972,0.436586
gemini3_flash,wp_a,rel,0,5,0.573321,0.452182
gemini3_flash,wp_a,rel,5,10,0.295789,0.234933
gemini3_flash,wp_a,rel,20,25,0.626021,0.500941
gemini3_flash,wp_a,rel,-0.1,0.1,0.523092,0.424423
gemini3_flash,wp_a,rel,-0.5,0.5,0.559870,0.449307
gemini3_flash,wp_a,rel,-1,1,0.383781,0.309066
gemini3_flash,wp_a,rel,-2,2,0.371140,0.294797
gemini3_flash,wp_a,rel,-3,3,0.371554,0.290674
gemini3_flash,wp_a,rel,-4,4,0.366905,0.291229
gemini3_flash,wp_a,rel,-5,5,0.350755,0.276177
gemini3_flash,wp_a,rel,-1,3,0.391019,0.309906
gemini3_flash,wp_a,rel,0,1000,0.354393,0.273913
gemini2_flash,summeval,coh,0,1,0.460423,0.393886
gemini2_flash,summeval,coh,1,3,0.498101,0.424293
gemini2_flash,summeval,coh,1,5,0.495803,0.422067
gemini2_flash,summeval,coh,1,10,0.484539,0.401442
gemini2_flash,summeval,coh,0,10,0.508355,0.420544
gemini2_flash,summeval,coh,0,100,0.500682,0.414713
gemini2_flash,summeval,coh,0,0.5,0.489012,0.416298
gemini2_flash,summeval,coh,0,2,0.376153,0.312984
gemini2_flash,summeval,coh,0,5,0.475082,0.399512
gemini2_flash,summeval,coh,5,10,0.483142,0.405228
gemini2_flash,summeval,coh,20,25,0.491080,0.420532
gemini2_flash,summeval,coh,-0.1,0.1,0.418370,0.343205
gemini2_flash,summeval,coh,-0.5,0.5,0.509797,0.424302
gemini2_flash,summeval,coh,-1,1,0.469015,0.381279
gemini2_flash,summeval,coh,-2,2,0.458811,0.376237
gemini2_flash,summeval,coh,-3,3,0.485695,0.406484
gemini2_flash,summeval,coh,-4,4,0.500940,0.417510
gemini2_flash,summeval,coh,-5,5,0.505474,0.422458
gemini2_flash,summeval,coh,-1,3,0.503056,0.424407
gemini2_flash,summeval,coh,0,1000,0.488772,0.405992
gemini2_flash,summeval,con,0,1,0.614471,0.589171
gemini2_flash,summeval,con,1,3,0.634939,0.613957
gemini2_flash,summeval,con,1,5,0.629763,0.608217
gemini2_flash,summeval,con,1,10,0.568849,0.541990
gemini2_flash,summeval,con,0,10,0.582182,0.557610
gemini2_flash,summeval,con,0,100,0.631644,0.605145
gemini2_flash,summeval,con,0,0.5,0.621910,0.599776
gemini2_flash,summeval,con,0,2,0.572411,0.551490
gemini2_flash,summeval,con,0,5,0.659423,0.635670
gemini2_flash,summeval,con,5,10,0.517393,0.491744
gemini2_flash,summeval,con,20,25,0.642846,0.622580
gemini2_flash,summeval,con,-0.1,0.1,0.636052,0.618517
gemini2_flash,summeval,con,-0.5,0.5,0.643088,0.621539
gemini2_flash,summeval,con,-1,1,0.609573,0.584976
gemini2_flash,summeval,con,-2,2,0.636453,0.614096
gemini2_flash,summeval,con,-3,3,0.627203,0.605643
gemini2_flash,summeval,con,-4,4,0.630082,0.604560
gemini2_flash,summeval,con,-5,5,0.626128,0.603716
gemini2_flash,summeval,con,-1,3,0.636019,0.615836
gemini2_flash,summeval,con,0,1000,0.622666,0.600541
gemini2_flash,summeval,flu,0,1,0.393578,0.364163
gemini2_flash,summeval,flu,1,3,0.248718,0.230437
gemini2_flash,summeval,flu,1,5,0.331249,0.304001
gemini2_flash,summeval,flu,1,10,0.308537,0.279412
gemini2_flash,summeval,flu,0,10,0.332122,0.298724
gemini2_flash,summeval,flu,0,100,0.322819,0.301763
gemini2_flash,summeval,flu,0,0.5,0.392570,0.359393
gemini2_flash,summeval,flu,0,2,0.248704,0.218909
gemini2_flash,summeval,flu,0,5,0.335670,0.300772
gemini2_flash,summeval,flu,5,10,0.368218,0.343119
gemini2_flash,summeval,flu,20,25,0.331056,0.300217
gemini2_flash,summeval,flu,-0.1,0.1,0.346391,0.319063
gemini2_flash,summeval,flu,-0.5,0.5,0.328174,0.290407
gemini2_flash,summeval,flu,-1,1,0.336207,0.298262
gemini2_flash,summeval,flu,-2,2,0.321811,0.282456
gemini2_flash,summeval,flu,-3,3,0.274006,0.238388
gemini2_flash,summeval,flu,-4,4,0.278989,0.242674
gemini2_flash,summeval,flu,-5,5,0.297558,0.260391
gemini2_flash,summeval,flu,-1,3,0.338690,0.308838
gemini2_flash,summeval,flu,0,1000,0.172245,0.158171
gemini2_flash,summeval,rel,0,1,0.438977,0.377833
gemini2_flash,summeval,rel,1,3,0.435544,0.377655
gemini2_flash,summeval,rel,1,5,0.418783,0.360995
gemini2_flash,summeval,rel,1,10,0.425665,0.359295
gemini2_flash,summeval,rel,0,10,0.422753,0.357631
gemini2_flash,summeval,rel,0,100,0.431010,0.366337
gemini2_flash,summeval,rel,0,0.5,0.472359,0.411176
gemini2_flash,summeval,rel,0,2,0.363146,0.311893
gemini2_flash,summeval,rel,0,5,0.424005,0.362941
gemini2_flash,summeval,rel,5,10,0.377900,0.322482
gemini2_flash,summeval,rel,20,25,0.450309,0.389356
gemini2_flash,summeval,rel,-0.1,0.1,0.484203,0.406998
gemini2_flash,summeval,rel,-0.5,0.5,0.479170,0.412103
gemini2_flash,summeval,rel,-1,1,0.470176,0.394894
gemini2_flash,summeval,rel,-2,2,0.433739,0.373315
gemini2_flash,summeval,rel,-3,3,0.424127,0.363428
gemini2_flash,summeval,rel,-4,4,0.422286,0.363287
gemini2_flash,summeval,rel,-5,5,0.436882,0.378646
gemini2_flash,summeval,rel,-1,3,0.424377,0.366079
gemini2_flash,summeval,rel,0,1000,0.412929,0.349669
gemini2_flash,newsroom,coh,0,1,0.596577,0.528818
gemini2_flash,newsroom,coh,1,3,0.373019,0.323968
gemini2_flash,newsroom,coh,1,5,0.410820,0.358908
gemini2_flash,newsroom,coh,1,10,0.402706,0.334498
gemini2_flash,newsroom,coh,0,10,0.511472,0.443146
gemini2_flash,newsroom,coh,0,100,0.551734,0.474558
gemini2_flash,newsroom,coh,0,0.5,0.604285,0.537358
gemini2_flash,newsroom,coh,0,2,0.471607,0.420114
gemini2_flash,newsroom,coh,0,5,0.483336,0.424151
gemini2_flash,newsroom,coh,5,10,0.452811,0.390696
gemini2_flash,newsroom,coh,20,25,0.535654,0.472222
gemini2_flash,newsroom,coh,-0.1,0.1,0.496386,0.437038
gemini2_flash,newsroom,coh,-0.5,0.5,0.574414,0.501605
gemini2_flash,newsroom,coh,-1,1,0.615355,0.537678
gemini2_flash,newsroom,coh,-2,2,0.544818,0.484042
gemini2_flash,newsroom,coh,-3,3,0.542299,0.486040
gemini2_flash,newsroom,coh,-4,4,0.547859,0.487738
gemini2_flash,newsroom,coh,-5,5,0.536023,0.479462
gemini2_flash,newsroom,coh,-1,3,0.504231,0.447058
gemini2_flash,newsroom,coh,0,1000,0.550021,0.470522
gemini2_flash,newsroom,flu,0,1,0.363086,0.322602
gemini2_flash,newsroom,flu,1,3,0.494462,0.436091
gemini2_flash,newsroom,flu,1,5,0.487905,0.422536
gemini2_flash,newsroom,flu,1,10,0.444995,0.381945
gemini2_flash,newsroom,flu,0,10,0.412551,0.361706
gemini2_flash,newsroom,flu,0,100,0.409173,0.357208
gemini2_flash,newsroom,flu,0,0.5,0.483677,0.417962
gemini2_flash,newsroom,flu,0,2,0.483756,0.409971
gemini2_flash,newsroom,flu,0,5,0.494680,0.429468
gemini2_flash,newsroom,flu,5,10,0.375345,0.321466
gemini2_flash,newsroom,flu,20,25,0.494562,0.432663
gemini2_flash,newsroom,flu,-0.1,0.1,0.509812,0.447739
gemini2_flash,newsroom,flu,-0.5,0.5,0.478580,0.412142
gemini2_flash,newsroom,flu,-1,1,0.512026,0.449196
gemini2_flash,newsroom,flu,-2,2,0.542667,0.477020
gemini2_flash,newsroom,flu,-3,3,0.476272,0.415918
gemini2_flash,newsroom,flu,-4,4,0.488817,0.426451
gemini2_flash,newsroom,flu,-5,5,0.454044,0.393833
gemini2_flash,newsroom,flu,-1,3,0.511143,0.454748
gemini2_flash,newsroom,flu,0,1000,0.398149,0.348738
gemini2_flash,newsroom,inf,0,1,0.504625,0.432819
gemini2_flash,newsroom,inf,1,3,0.483369,0.418415
gemini2_flash,newsroom,inf,1,5,0.425658,0.371023
gemini2_flash,newsroom,inf,1,10,0.512771,0.438872
gemini2_flash,newsroom,inf,0,10,0.483262,0.411071
gemini2_flash,newsroom,inf,0,100,0.455177,0.391686
gemini2_flash,newsroom,inf,0,0.5,0.563048,0.495080
gemini2_flash,newsroom,inf,0,2,0.518406,0.458918
gemini2_flash,newsroom,inf,0,5,0.537713,0.463711
gemini2_flash,newsroom,inf,5,10,0.468996,0.409774
gemini2_flash,newsroom,inf,20,25,0.426627,0.368953
gemini2_flash,newsroom,inf,-0.1,0.1,0.504571,0.449061
gemini2_flash,newsroom,inf,-0.5,0.5,0.545120,0.479372
gemini2_flash,newsroom,inf,-1,1,0.478398,0.415114
gemini2_flash,newsroom,inf,-2,2,0.477098,0.422550
gemini2_flash,newsroom,inf,-3,3,0.451351,0.397680
gemini2_flash,newsroom,inf,-4,4,0.467985,0.418017
gemini2_flash,newsroom,inf,-5,5,0.486848,0.431075
gemini2_flash,newsroom,inf,-1,3,0.472050,0.421872
gemini2_flash,newsroom,inf,0,1000,0.475335,0.415632
gemini2_flash,newsroom,rel,0,1,0.557762,0.480062
gemini2_flash,newsroom,rel,1,3,0.390926,0.341412
gemini2_flash,newsroom,rel,1,5,0.386583,0.332326
gemini2_flash,newsroom,rel,1,10,0.395504,0.333323
gemini2_flash,newsroom,rel,0,10,0.464777,0.397334
gemini2_flash,newsroom,rel,0,100,0.431912,0.364199
gemini2_flash,newsroom,rel,0,0.5,0.594058,0.515724
gemini2_flash,newsroom,rel,0,2,0.453254,0.400207
gemini2_flash,newsroom,rel,0,5,0.473794,0.416300
gemini2_flash,newsroom,rel,5,10,0.412170,0.356052
gemini2_flash,newsroom,rel,20,25,0.417274,0.353091
gemini2_flash,newsroom,rel,-0.1,0.1,0.489720,0.429016
gemini2_flash,newsroom,rel,-0.5,0.5,0.525923,0.452897
gemini2_flash,newsroom,rel,-1,1,0.510939,0.439071
gemini2_flash,newsroom,rel,-2,2,0.496438,0.432137
gemini2_flash,newsroom,rel,-3,3,0.453128,0.401437
gemini2_flash,newsroom,rel,-4,4,0.485524,0.429734
gemini2_flash,newsroom,rel,-5,5,0.458731,0.407882
gemini2_flash,newsroom,rel,-1,3,0.425770,0.372905
gemini2_flash,newsroom,rel,0,1000,0.469524,0.395883
gemini2_flash,tc,coh,0,1,0.434454,0.391525
gemini2_flash,tc,coh,1,3,0.480123,0.437954
gemini2_flash,tc,coh,1,5,0.430898,0.395019
gemini2_flash,tc,coh,1,10,0.421072,0.364995
gemini2_flash,tc,coh,0,10,0.501182,0.444535
gemini2_flash,tc,coh,0,100,0.499716,0.447088
gemini2_flash,tc,coh,0,0.5,0.528517,0.479739
gemini2_flash,tc,coh,0,2,0.429847,0.388228
gemini2_flash,tc,coh,0,5,0.473906,0.417201
gemini2_flash,tc,coh,5,10,0.483591,0.438548
gemini2_flash,tc,coh,20,25,0.465396,0.418714
gemini2_flash,tc,coh,-0.1,0.1,0.449818,0.395173
gemini2_flash,tc,coh,-0.5,0.5,0.444735,0.392035
gemini2_flash,tc,coh,-1,1,0.343578,0.295128
gemini2_flash,tc,coh,-2,2,0.370501,0.326947
gemini2_flash,tc,coh,-3,3,0.262058,0.225778
gemini2_flash,tc,coh,-4,4,0.325266,0.287646
gemini2_flash,tc,coh,-5,5,0.332564,0.300367
gemini2_flash,tc,coh,-1,3,0.505904,0.466289
gemini2_flash,tc,coh,0,1000,0.429098,0.375980
gemini2_flash,tc,eng,0,1,0.699348,0.634267
gemini2_flash,tc,eng,1,3,0.627428,0.564726
gemini2_flash,tc,eng,1,5,0.555185,0.500883
gemini2_flash,tc,eng,1,10,0.535282,0.467358
gemini2_flash,tc,eng,0,10,0.577162,0.507986
gemini2_flash,tc,eng,0,100,0.624921,0.550761
gemini2_flash,tc,eng,0,0.5,0.621715,0.552610
gemini2_flash,tc,eng,0,2,0.564232,0.509671
gemini2_flash,tc,eng,0,5,0.609545,0.550018
gemini2_flash,tc,eng,5,10,0.621055,0.553131
gemini2_flash,tc,eng,20,25,0.606892,0.532508
gemini2_flash,tc,eng,-0.1,0.1,0.472062,0.408551
gemini2_flash,tc,eng,-0.5,0.5,0.520471,0.449359
gemini2_flash,tc,eng,-1,1,0.525573,0.464713
gemini2_flash,tc,eng,-2,2,0.489332,0.438065
gemini2_flash,tc,eng,-3,3,0.328305,0.282864
gemini2_flash,tc,eng,-4,4,0.378373,0.328164
gemini2_flash,tc,eng,-5,5,0.438631,0.389789
gemini2_flash,tc,eng,-1,3,0.636061,0.571161
gemini2_flash,tc,eng,0,1000,0.604253,0.531813
gemini2_flash,tc,gro,0,1,0.675269,0.637944
gemini2_flash,tc,gro,1,3,0.504684,0.481715
gemini2_flash,tc,gro,1,5,0.557854,0.529391
gemini2_flash,tc,gro,1,10,0.573746,0.542322
gemini2_flash,tc,gro,0,10,0.587130,0.553793
gemini2_flash,tc,gro,0,100,0.536234,0.508167
gemini2_flash,tc,gro,0,0.5,0.707186,0.680475
gemini2_flash,tc,gro,0,2,0.492257,0.470652
gemini2_flash,tc,gro,0,5,0.596290,0.567355
gemini2_flash,tc,gro,5,10,0.446593,0.422487
gemini2_flash,tc,gro,20,25,0.493600,0.464486
gemini2_flash,tc,gro,-0.1,0.1,0.545312,0.523295
gemini2_flash,tc,gro,-0.5,0.5,0.608653,0.577110
gemini2_flash,tc,gro,-1,1,0.573973,0.551161
gemini2_flash,tc,gro,-2,2,0.482352,0.458626
gemini2_flash,tc,gro,-3,3,0.556991,0.530002
gemini2_flash,tc,gro,-4,4,0.555361,0.532573
gemini2_flash,tc,gro,-5,5,0.532611,0.508219
gemini2_flash,tc,gro,-1,3,0.608728,0.591817
gemini2_flash,tc,gro,0,1000,0.591609,0.559665
gemini2_flash,tc,nat,0,1,0.531635,0.472622
gemini2_flash,tc,nat,1,3,0.456169,0.406535
gemini2_flash,tc,nat,1,5,0.577333,0.514105
gemini2_flash,tc,nat,1,10,0.517170,0.442436
gemini2_flash,tc,nat,0,10,0.526349,0.462088
gemini2_flash,tc,nat,0,100,0.514246,0.447997
gemini2_flash,tc,nat,0,0.5,0.570841,0.499935
gemini2_flash,tc,nat,0,2,0.454441,0.411932
gemini2_flash,tc,nat,0,5,0.535306,0.472858
gemini2_flash,tc,nat,5,10,0.475517,0.420673
gemini2_flash,tc,nat,20,25,0.434833,0.371132
gemini2_flash,tc,nat,-0.1,0.1,0.535980,0.468398
gemini2_flash,tc,nat,-0.5,0.5,0.485488,0.416455
gemini2_flash,tc,nat,-1,1,0.415795,0.365461
gemini2_flash,tc,nat,-2,2,0.488373,0.425042
gemini2_flash,tc,nat,-3,3,0.478658,0.424236
gemini2_flash,tc,nat,-4,4,0.440776,0.376791
gemini2_flash,tc,nat,-5,5,0.419841,0.363710
gemini2_flash,tc,nat,-1,3,0.549908,0.484363
gemini2_flash,tc,nat,0,1000,0.464900,0.407702
gemini2_flash,wp_a,coh,0,1,0.543511,0.432890
gemini2_flash,wp_a,coh,1,3,0.351384,0.280535
gemini2_flash,wp_a,coh,1,5,0.271061,0.214729
gemini2_flash,wp_a,coh,1,10,0.465075,0.357667
gemini2_flash,wp_a,coh,0,10,0.519843,0.400293
gemini2_flash,wp_a,coh,0,100,0.493406,0.373188
gemini2_flash,wp_a,coh,0,0.5,0.483092,0.386051
gemini2_flash,wp_a,coh,0,2,0.379653,0.292058
gemini2_flash,wp_a,coh,0,5,0.384599,0.303114
gemini2_flash,wp_a,coh,5,10,0.491389,0.384388
gemini2_flash,wp_a,coh,20,25,0.544656,0.435462
gemini2_flash,wp_a,coh,-0.1,0.1,0.228561,0.191182
gemini2_flash,wp_a,coh,-0.5,0.5,0.387024,0.309910
gemini2_flash,wp_a,coh,-1,1,0.182439,0.143905
gemini2_flash,wp_a,coh,-2,2,0.078028,0.063153
gemini2_flash,wp_a,coh,-3,3,0.032563,0.027256
gemini2_flash,wp_a,coh,-4,4,0.101263,0.081268
gemini2_flash,wp_a,coh,-5,5,0.133122,0.104912
gemini2_flash,wp_a,coh,-1,3,0.373180,0.307814
gemini2_flash,wp_a,coh,0,1000,0.522494,0.396455
gemini2_flash,wp_a,enj,0,1,0.433284,0.337821
gemini2_flash,wp_a,enj,1,3,0.391643,0.324399
gemini2_flash,wp_a,enj,1,5,0.389115,0.310859
gemini2_flash,wp_a,enj,1,10,0.416069,0.322039
gemini2_flash,wp_a,enj,0,10,0.391727,0.305356
gemini2_flash,wp_a,enj,0,100,0.293897,0.219760
gemini2_flash,wp_a,enj,0,0.5,0.448864,0.353999
gemini2_flash,wp_a,enj,0,2,0.364930,0.281918
gemini2_flash,wp_a,enj,0,5,0.422166,0.335444
gemini2_flash,wp_a,enj,5,10,0.364880,0.291266
gemini2_flash,wp_a,enj,20,25,0.406782,0.319791
gemini2_flash,wp_a,enj,-0.1,0.1,0.376760,0.299611
gemini2_flash,wp_a,enj,-0.5,0.5,0.431752,0.335638
gemini2_flash,wp_a,enj,-1,1,0.337534,0.256021
gemini2_flash,wp_a,enj,-2,2,0.049209,0.040225
gemini2_flash,wp_a,enj,-3,3,0.008980,0.007491
gemini2_flash,wp_a,enj,-4,4,0.030238,0.024711
gemini2_flash,wp_a,enj,-5,5,-0.136783,-0.111744
gemini2_flash,wp_a,enj,-1,3,0.324637,0.257764
gemini2_flash,wp_a,enj,0,1000,0.409048,0.301762
gemini2_flash,wp_a,gra,0,1,0.326419,0.258073
gemini2_flash,wp_a,gra,1,3,0.150075,0.118474
gemini2_flash,wp_a,gra,1,5,0.152093,0.121565
gemini2_flash,wp_a,gra,1,10,0.290552,0.231235
gemini2_flash,wp_a,gra,0,10,0.242391,0.192012
gemini2_flash,wp_a,gra,0,100,0.332374,0.276157
gemini2_flash,wp_a,gra,0,0.5,0.409297,0.321519
gemini2_flash,wp_a,gra,0,2,0.147026,0.122944
gemini2_flash,wp_a,gra,0,5,0.189197,0.153881
gemini2_flash,wp_a,gra,5,10,0.209190,0.172833
gemini2_flash,wp_a,gra,20,25,0.321316,0.268764
gemini2_flash,wp_a,gra,-0.1,0.1,0.270660,0.218124
gemini2_flash,wp_a,gra,-0.5,0.5,0.365885,0.280048
gemini2_flash,wp_a,gra,-1,1,0.300842,0.228608
gemini2_flash,wp_a,gra,-2,2,0.268574,0.215379
gemini2_flash,wp_a,gra,-3,3,0.291990,0.236935
gemini2_flash,wp_a,gra,-4,4,0.286848,0.230463
gemini2_flash,wp_a,gra,-5,5,0.298687,0.239396
gemini2_flash,wp_a,gra,-1,3,0.283697,0.223846
gemini2_flash,wp_a,gra,0,1000,0.304583,0.248821
gemini2_flash,wp_a,rel,0,1,0.545810,0.429641
gemini2_flash,wp_a,rel,1,3,0.437060,0.343366
gemini2_flash,wp_a,rel,1,5,0.427509,0.341755
gemini2_flash,wp_a,rel,1,10,0.421668,0.330621
gemini2_flash,wp_a,rel,0,10,0.453237,0.346816
gemini2_flash,wp_a,rel,0,100,0.510540,0.384964
gemini2_flash,wp_a,rel,0,0.5,0.569263,0.465831
gemini2_flash,wp_a,rel,0,2,0.477410,0.385674
gemini2_flash,wp_a,rel,0,5,0.439072,0.348410
gemini2_flash,wp_a,rel,5,10,0.389043,0.304742
gemini2_flash,wp_a,rel,20,25,0.370979,0.292874
gemini2_flash,wp_a,rel,-0.1,0.1,0.317894,0.264140
gemini2_flash,wp_a,rel,-0.5,0.5,0.457394,0.374503
gemini2_flash,wp_a,rel,-1,1,0.399843,0.323199
gemini2_flash,wp_a,rel,-2,2,0.451433,0.369598
gemini2_flash,wp_a,rel,-3,3,0.423105,0.344586
gemini2_flash,wp_a,rel,-4,4,0.399386,0.328456
gemini2_flash,wp_a,rel,-5,5,0.415944,0.343441
gemini2_flash,wp_a,rel,-1,3,0.487645,0.406664
gemini2_flash,wp_a,rel,0,1000,0.532678,0.408483
llama31_70b,summeval,coh,0,1,0.577190,0.490612
llama31_70b,summeval,coh,1,3,0.444864,0.391091
llama31_70b,summeval,coh,1,5,0.559426,0.481297
llama31_70b,summeval,coh,1,10,0.580908,0.497972
llama31_70b,summeval,coh,0,10,0.577008,0.493744
llama31_70b,summeval,coh,0,100,0.588678,0.500917
llama31_70b,summeval,coh,0,0.5,0.576310,0.491596
llama31_70b,summeval,coh,0,2,0.553457,0.472259
llama31_70b,summeval,coh,0,5,0.558926,0.474206
llama31_70b,summeval,coh,5,10,0.539834,0.467855
llama31_70b,summeval,coh,20,25,0.380113,0.334115
llama31_70b,summeval,coh,-0.1,0.1,0.575298,0.492416
llama31_70b,summeval,coh,-0.5,0.5,0.591961,0.501217
llama31_70b,summeval,coh,-1,1,0.611178,0.515848
llama31_70b,summeval,coh,-2,2,0.622881,0.523757
llama31_70b,summeval,coh,-3,3,0.602428,0.514124
llama31_70b,summeval,coh,-4,4,0.605339,0.513749
llama31_70b,summeval,coh,-5,5,0.584278,0.501500
llama31_70b,summeval,coh,-1,3,0.584583,0.497300
llama31_70b,summeval,coh,0,1000,0.561258,0.470228
llama31_70b,summeval,con,0,1,0.526829,0.481023
llama31_70b,summeval,con,1,3,0.564274,0.536722
llama31_70b,summeval,con,1,5,0.593495,0.565461
llama31_70b,summeval,con,1,10,0.538050,0.508367
llama31_70b,summeval,con,0,10,0.537981,0.507840
llama31_70b,summeval,con,0,100,0.571953,0.527950
llama31_70b,summeval,con,0,0.5,0.693009,0.667882
llama31_70b,summeval,con,0,2,0.622959,0.592795
llama31_70b,summeval,con,0,5,0.591975,0.558160
llama31_70b,summeval,con,5,10,0.485033,0.448979
llama31_70b,summeval,con,20,25,0.566874,0.542164
llama31_70b,summeval,con,-0.1,0.1,0.648345,0.622498
llama31_70b,summeval,con,-0.5,0.5,0.668201,0.645772
llama31_70b,summeval,con,-1,1,0.564985,0.527895
llama31_70b,summeval,con,-2,2,0.666150,0.635299
llama31_70b,summeval,con,-3,3,0.608197,0.576208
llama31_70b,summeval,con,-4,4,0.679866,0.653167
llama31_70b,summeval,con,-5,5,0.587005,0.555404
llama31_70b,summeval,con,-1,3,0.571819,0.537738
llama31_70b,summeval,con,0,1000,0.591236,0.544387
llama31_70b,summeval,flu,0,1,0.234527,0.214009
llama31_70b,summeval,flu,1,3,0.227420,0.208424
llama31_70b,summeval,flu,1,5,0.212621,0.194325
llama31_70b,summeval,flu,1,10,0.249417,0.222551
llama31_70b,summeval,flu,0,10,0.245740,0.217325
llama31_70b,summeval,flu,0,100,0.323649,0.292698
llama31_70b,summeval,flu,0,0.5,0.215249,0.197204
llama31_70b,summeval,flu,0,2,0.213104,0.189254
llama31_70b,summeval,flu,0,5,0.238123,0.211127
llama31_70b,summeval,flu,5,10,0.293370,0.263532
llama31_70b,summeval,flu,20,25,0.209289,0.193204
llama31_70b,summeval,flu,-0.1,0.1,0.232157,0.214574
llama31_70b,summeval,flu,-0.5,0.5,0.247159,0.225139
llama31_70b,summeval,flu,-1,1,0.220715,0.193467
llama31_70b,summeval,flu,-2,2,0.170224,0.154987
llama31_70b,summeval,flu,-3,3,0.217254,0.195835
llama31_70b,summeval,flu,-4,4,0.265501,0.238112
llama31_70b,summeval,flu,-5,5,0.228631,0.202389
llama31_70b,summeval,flu,-1,3,0.270871,0.241775
llama31_70b,summeval,flu,0,1000,0.273931,0.238586
llama31_70b,summeval,rel,0,1,0.541507,0.466024
llama31_70b,summeval,rel,1,3,0.493897,0.437964
llama31_70b,summeval,rel,1,5,0.500661,0.436351
llama31_70b,summeval,rel,1,10,0.494266,0.429965
llama31_70b,summeval,rel,0,10,0.524629,0.455121
llama31_70b,summeval,rel,0,100,0.511467,0.438854
llama31_70b,summeval,rel,0,0.5,0.515439,0.448427
llama31_70b,summeval,rel,0,2,0.515228,0.445159
llama31_70b,summeval,rel,0,5,0.531582,0.461302
llama31_70b,summeval,rel,5,10,0.475421,0.415317
llama31_70b,summeval,rel,20,25,0.480518,0.421240
llama31_70b,summeval,rel,-0.1,0.1,0.490380,0.425912
llama31_70b,summeval,rel,-0.5,0.5,0.538995,0.461939
llama31_70b,summeval,rel,-1,1,0.525280,0.450372
llama31_70b,summeval,rel,-2,2,0.525165,0.453444
llama31_70b,summeval,rel,-3,3,0.530020,0.459444
llama31_70b,summeval,rel,-4,4,0.543685,0.467106
llama31_70b,summeval,rel,-5,5,0.492339,0.430662
llama31_70b,summeval,rel,-1,3,0.515757,0.450620
llama31_70b,summeval,rel,0,1000,0.531845,0.448209
llama31_70b,newsroom,coh,0,1,0.595848,0.531587
llama31_70b,newsroom,coh,1,3,0.454234,0.411184
llama31_70b,newsroom,coh,1,5,0.519477,0.467179
llama31_70b,newsroom,coh,1,10,0.594428,0.534587
llama31_70b,newsroom,coh,0,10,0.620704,0.558740
llama31_70b,newsroom,coh,0,100,0.540302,0.476632
llama31_70b,newsroom,coh,0,0.5,0.604762,0.541944
llama31_70b,newsroom,coh,0,2,0.528551,0.467310
llama31_70b,newsroom,coh,0,5,0.615067,0.560010
llama31_70b,newsroom,coh,5,10,0.508542,0.456894
llama31_70b,newsroom,coh,20,25,0.455652,0.412932
llama31_70b,newsroom,coh,-0.1,0.1,0.524019,0.458075
llama31_70b,newsroom,coh,-0.5,0.5,0.514662,0.452583
llama31_70b,newsroom,coh,-1,1,0.592991,0.526425
llama31_70b,newsroom,coh,-2,2,0.578797,0.513107
llama31_70b,newsroom,coh,-3,3,0.615726,0.551377
llama31_70b,newsroom,coh,-4,4,0.621584,0.560203
llama31_70b,newsroom,coh,-5,5,0.589686,0.516849
llama31_70b,newsroom,coh,-1,3,0.586370,0.527085
llama31_70b,newsroom,coh,0,1000,0.557907,0.493921
llama31_70b,newsroom,flu,0,1,0.622591,0.548024
llama31_70b,newsroom,flu,1,3,0.546005,0.481791
llama31_70b,newsroom,flu,1,5,0.580142,0.507619
llama31_70b,newsroom,flu,1,10,0.596752,0.534652
llama31_70b,newsroom,flu,0,10,0.626470,0.560000
llama31_70b,newsroom,flu,0,100,0.616479,0.533931
llama31_70b,newsroom,flu,0,0.5,0.609282,0.540873
llama31_70b,newsroom,flu,0,2,0.639978,0.558927
llama31_70b,newsroom,flu,0,5,0.641724,0.558952
llama31_70b,newsroom,flu,5,10,0.540642,0.461673
llama31_70b,newsroom,flu,20,25,0.481564,0.413537
llama31_70b,newsroom,flu,-0.1,0.1,0.574515,0.505694
llama31_70b,newsroom,flu,-0.5,0.5,0.586443,0.508836
llama31_70b,newsroom,flu,-1,1,0.631810,0.556039
llama31_70b,newsroom,flu,-2,2,0.592123,0.522786
llama31_70b,newsroom,flu,-3,3,0.588037,0.504802
llama31_70b,newsroom,flu,-4,4,0.583447,0.498654
llama31_70b,newsroom,flu,-5,5,0.596452,0.511872
llama31_70b,newsroom,flu,-1,3,0.602445,0.524052
llama31_70b,newsroom,flu,0,1000,0.614854,0.535556
llama31_70b,newsroom,inf,0,1,0.539364,0.469440
llama31_70b,newsroom,inf,1,3,0.491590,0.432240
llama31_70b,newsroom,inf,1,5,0.570174,0.496687
llama31_70b,newsroom,inf,1,10,0.547683,0.475387
llama31_70b,newsroom,inf,0,10,0.536435,0.462155
llama31_70b,newsroom,inf,0,100,0.503944,0.429900
llama31_70b,newsroom,inf,0,0.5,0.540387,0.465914
llama31_70b,newsroom,inf,0,2,0.531619,0.463298
llama31_70b,newsroom,inf,0,5,0.551950,0.468564
llama31_70b,newsroom,inf,5,10,0.514454,0.452299
llama31_70b,newsroom,inf,20,25,0.465047,0.404108
llama31_70b,newsroom,inf,-0.1,0.1,0.445393,0.391288
llama31_70b,newsroom,inf,-0.5,0.5,0.455375,0.393977
llama31_70b,newsroom,inf,-1,1,0.563615,0.485855
llama31_70b,newsroom,inf,-2,2,0.506946,0.432674
llama31_70b,newsroom,inf,-3,3,0.540409,0.457278
llama31_70b,newsroom,inf,-4,4,0.531574,0.446176
llama31_70b,newsroom,inf,-5,5,0.521450,0.438347
llama31_70b,newsroom,inf,-1,3,0.500347,0.433567
llama31_70b,newsroom,inf,0,1000,0.514299,0.436418
llama31_70b,newsroom,rel,0,1,0.520904,0.458449
llama31_70b,newsroom,rel,1,3,0.419458,0.375990
llama31_70b,newsroom,rel,1,5,0.498507,0.439420
llama31_70b,newsroom,rel,1,10,0.565675,0.502792
llama31_70b,newsroom,rel,0,10,0.528679,0.464770
llama31_70b,newsroom,rel,0,100,0.498813,0.436520
llama31_70b,newsroom,rel,0,0.5,0.538506,0.469542
llama31_70b,newsroom,rel,0,2,0.498751,0.439126
llama31_70b,newsroom,rel,0,5,0.538586,0.473150
llama31_70b,newsroom,rel,5,10,0.432089,0.383453
llama31_70b,newsroom,rel,20,25,0.467465,0.420842
llama31_70b,newsroom,rel,-0.1,0.1,0.383908,0.341370
llama31_70b,newsroom,rel,-0.5,0.5,0.430695,0.378850
llama31_70b,newsroom,rel,-1,1,0.506193,0.440574
llama31_70b,newsroom,rel,-2,2,0.493206,0.428859
llama31_70b,newsroom,rel,-3,3,0.489460,0.427641
llama31_70b,newsroom,rel,-4,4,0.520795,0.454079
llama31_70b,newsroom,rel,-5,5,0.517990,0.450267
llama31_70b,newsroom,rel,-1,3,0.441116,0.382500
llama31_70b,newsroom,rel,0,1000,0.510980,0.444560
llama31_70b,tc,coh,0,1,0.509627,0.458610
llama31_70b,tc,coh,1,3,0.504819,0.466549
llama31_70b,tc,coh,1,5,0.543792,0.494276
llama31_70b,tc,coh,1,10,0.525443,0.484080
llama31_70b,tc,coh,0,10,0.522309,0.479538
llama31_70b,tc,coh,0,100,0.489850,0.443610
llama31_70b,tc,coh,0,0.5,0.528486,0.483614
llama31_70b,tc,coh,0,2,0.483974,0.440453
llama31_70b,tc,coh,0,5,0.521483,0.469732
llama31_70b,tc,coh,5,10,0.555562,0.518765
llama31_70b,tc,coh,20,25,0.531484,0.499448
llama31_70b,tc,coh,-0.1,0.1,0.528285,0.498131
llama31_70b,tc,coh,-0.5,0.5,0.497849,0.463531
llama31_70b,tc,coh,-1,1,0.531981,0.475712
llama31_70b,tc,coh,-2,2,0.488492,0.437783
llama31_70b,tc,coh,-3,3,0.507380,0.457933
llama31_70b,tc,coh,-4,4,0.536350,0.490264
llama31_70b,tc,coh,-5,5,0.485102,0.437966
llama31_70b,tc,coh,-1,3,0.532045,0.475205
llama31_70b,tc,coh,0,1000,0.492227,0.446717
llama31_70b,tc,eng,0,1,0.706891,0.641180
llama31_70b,tc,eng,1,3,0.695249,0.635224
llama31_70b,tc,eng,1,5,0.680000,0.616022
llama31_70b,tc,eng,1,10,0.645137,0.589006
llama31_70b,tc,eng,0,10,0.675175,0.615825
llama31_70b,tc,eng,0,100,0.725146,0.661001
llama31_70b,tc,eng,0,0.5,0.729841,0.657638
llama31_70b,tc,eng,0,2,0.686743,0.612596
llama31_70b,tc,eng,0,5,0.720217,0.646284
llama31_70b,tc,eng,5,10,0.686223,0.626985
llama31_70b,tc,eng,20,25,0.704408,0.646959
llama31_70b,tc,eng,-0.1,0.1,0.659063,0.597580
llama31_70b,tc,eng,-0.5,0.5,0.673770,0.609440
llama31_70b,tc,eng,-1,1,0.650156,0.586562
llama31_70b,tc,eng,-2,2,0.639411,0.577842
llama31_70b,tc,eng,-3,3,0.671615,0.601515
llama31_70b,tc,eng,-4,4,0.637321,0.571487
llama31_70b,tc,eng,-5,5,0.643060,0.567388
llama31_70b,tc,eng,-1,3,0.645895,0.575235
llama31_70b,tc,eng,0,1000,0.677065,0.602899
llama31_70b,tc,gro,0,1,0.568372,0.546451
llama31_70b,tc,gro,1,3,0.569319,0.549834
llama31_70b,tc,gro,1,5,0.600395,0.566717
llama31_70b,tc,gro,1,10,0.575208,0.534770
llama31_70b,tc,gro,0,10,0.601874,0.568039
llama31_70b,tc,gro,0,100,0.600160,0.576737
llama31_70b,tc,gro,0,0.5,0.596663,0.579644
llama31_70b,tc,gro,0,2,0.545212,0.518818
llama31_70b,tc,gro,0,5,0.642113,0.606529
llama31_70b,tc,gro,5,10,0.563136,0.540505
llama31_70b,tc,gro,20,25,0.595131,0.574780
llama31_70b,tc,gro,-0.1,0.1,0.564868,0.547233
llama31_70b,tc,gro,-0.5,0.5,0.504664,0.489354
llama31_70b,tc,gro,-1,1,0.604113,0.569753
llama31_70b,tc,gro,-2,2,0.595235,0.561478
llama31_70b,tc,gro,-3,3,0.584166,0.547919
llama31_70b,tc,gro,-4,4,0.517136,0.481291
llama31_70b,tc,gro,-5,5,0.513468,0.478314
llama31_70b,tc,gro,-1,3,0.552212,0.523695
llama31_70b,tc,gro,0,1000,0.646192,0.624466
llama31_70b,tc,nat,0,1,0.555427,0.482726
llama31_70b,tc,nat,1,3,0.614762,0.544639
llama31_70b,tc,nat,1,5,0.601163,0.526721
llama31_70b,tc,nat,1,10,0.598891,0.528695
llama31_70b,tc,nat,0,10,0.577748,0.509568
llama31_70b,tc,nat,0,100,0.575429,0.490565
llama31_70b,tc,nat,0,0.5,0.508776,0.436944
llama31_70b,tc,nat,0,2,0.564351,0.486361
llama31_70b,tc,nat,0,5,0.609092,0.522234
llama31_70b,tc,nat,5,10,0.499283,0.437660
llama31_70b,tc,nat,20,25,0.582893,0.526636
llama31_70b,tc,nat,-0.1,0.1,0.550781,0.507426
llama31_70b,tc,nat,-0.5,0.5,0.576034,0.518190
llama31_70b,tc,nat,-1,1,0.584268,0.516586
llama31_70b,tc,nat,-2,2,0.528092,0.459818
llama31_70b,tc,nat,-3,3,0.551186,0.481854
llama31_70b,tc,nat,-4,4,0.567743,0.489074
llama31_70b,tc,nat,-5,5,0.533736,0.456241
llama31_70b,tc,nat,-1,3,0.649915,0.569719
llama31_70b,tc,nat,0,1000,0.576952,0.498415
llama31_70b,wp_a,coh,0,1,0.523625,0.411282
llama31_70b,wp_a,coh,1,3,0.522253,0.429342
llama31_70b,wp_a,coh,1,5,0.570560,0.450610
llama31_70b,wp_a,coh,1,10,0.557157,0.448447
llama31_70b,wp_a,coh,0,10,0.550003,0.440238
llama31_70b,wp_a,coh,0,100,0.492938,0.375796
llama31_70b,wp_a,coh,0,0.5,0.536406,0.425007
llama31_70b,wp_a,coh,0,2,0.500680,0.397604
llama31_70b,wp_a,coh,0,5,0.568827,0.444617
llama31_70b,wp_a,coh,5,10,0.563959,0.451181
llama31_70b,wp_a,coh,20,25,0.518294,0.419955
llama31_70b,wp_a,coh,-0.1,0.1,0.545744,0.450483
llama31_70b,wp_a,coh,-0.5,0.5,0.560120,0.440133
llama31_70b,wp_a,coh,-1,1,0.577600,0.454028
llama31_70b,wp_a,coh,-2,2,0.536368,0.419076
llama31_70b,wp_a,coh,-3,3,0.556821,0.439463
llama31_70b,wp_a,coh,-4,4,0.582508,0.458683
llama31_70b,wp_a,coh,-5,5,0.555206,0.430821
llama31_70b,wp_a,coh,-1,3,0.570176,0.446576
llama31_70b,wp_a,coh,0,1000,0.504030,0.388014
llama31_70b,wp_a,enj,0,1,0.431701,0.334103
llama31_70b,wp_a,enj,1,3,0.378445,0.314373
llama31_70b,wp_a,enj,1,5,0.387303,0.309001
llama31_70b,wp_a,enj,1,10,0.383519,0.306878
llama31_70b,wp_a,enj,0,10,0.395979,0.311947
llama31_70b,wp_a,enj,0,100,0.428103,0.321188
llama31_70b,wp_a,enj,0,0.5,0.406345,0.318884
llama31_70b,wp_a,enj,0,2,0.415419,0.333047
llama31_70b,wp_a,enj,0,5,0.412049,0.323266
llama31_70b,wp_a,enj,5,10,0.376858,0.297903
llama31_70b,wp_a,enj,20,25,0.439464,0.345679
llama31_70b,wp_a,enj,-0.1,0.1,0.389664,0.311741
llama31_70b,wp_a,enj,-0.5,0.5,0.409344,0.318270
llama31_70b,wp_a,enj,-1,1,0.397653,0.312448
llama31_70b,wp_a,enj,-2,2,0.427897,0.329464
llama31_70b,wp_a,enj,-3,3,0.430315,0.337047
llama31_70b,wp_a,enj,-4,4,0.441739,0.343794
llama31_70b,wp_a,enj,-5,5,0.396230,0.314743
llama31_70b,wp_a,enj,-1,3,0.430327,0.337293
llama31_70b,wp_a,enj,0,1000,0.413982,0.313733
llama31_70b,wp_a,gra,0,1,0.447679,0.346172
llama31_70b,wp_a,gra,1,3,0.430095,0.361895
llama31_70b,wp_a,gra,1,5,0.452223,0.359139
llama31_70b,wp_a,gra,1,10,0.451108,0.345243
llama31_70b,wp_a,gra,0,10,0.437236,0.342710
llama31_70b,wp_a,gra,0,100,0.461941,0.352569
llama31_70b,wp_a,gra,0,0.5,0.466031,0.365408
llama31_70b,wp_a,gra,0,2,0.465078,0.367961
llama31_70b,wp_a,gra,0,5,0.440110,0.351212
llama31_70b,wp_a,gra,5,10,0.437668,0.343148
llama31_70b,wp_a,gra,20,25,0.430792,0.343692
llama31_70b,wp_a,gra,-0.1,0.1,0.432409,0.354249
llama31_70b,wp_a,gra,-0.5,0.5,0.463314,0.359807
llama31_70b,wp_a,gra,-1,1,0.475300,0.365323
llama31_70b,wp_a,gra,-2,2,0.452792,0.353537
llama31_70b,wp_a,gra,-3,3,0.435574,0.343261
llama31_70b,wp_a,gra,-4,4,0.463706,0.364122
llama31_70b,wp_a,gra,-5,5,0.463822,0.360965
llama31_70b,wp_a,gra,-1,3,0.450505,0.352558
llama31_70b,wp_a,gra,0,1000,0.433452,0.330804
llama31_70b,wp_a,rel,0,1,0.606761,0.485681
llama31_70b,wp_a,rel,1,3,0.562601,0.462130
llama31_70b,wp_a,rel,1,5,0.549659,0.437311
llama31_70b,wp_a,rel,1,10,0.540667,0.435538
llama31_70b,wp_a,rel,0,10,0.513457,0.406931
llama31_70b,wp_a,rel,0,100,0.596392,0.473681
llama31_70b,wp_a,rel,0,0.5,0.563832,0.447033
llama31_70b,wp_a,rel,0,2,0.551433,0.438795
llama31_70b,wp_a,rel,0,5,0.553531,0.440146
llama31_70b,wp_a,rel,5,10,0.520712,0.415496
llama31_70b,wp_a,rel,20,25,0.565960,0.460347
llama31_70b,wp_a,rel,-0.1,0.1,0.477499,0.390206
llama31_70b,wp_a,rel,-0.5,0.5,0.494331,0.397319
llama31_70b,wp_a,rel,-1,1,0.598338,0.477294
llama31_70b,wp_a,rel,-2,2,0.573120,0.454424
llama31_70b,wp_a,rel,-3,3,0.591467,0.468305
llama31_70b,wp_a,rel,-4,4,0.576311,0.462806
llama31_70b,wp_a,rel,-5,5,0.571574,0.455309
llama31_70b,wp_a,rel,-1,3,0.593432,0.463638
llama31_70b,wp_a,rel,0,1000,0.601412,0.470364
gemma3_27b,summeval,coh,0,1,0.556012,0.473768
gemma3_27b,summeval,coh,1,3,0.476277,0.412994
gemma3_27b,summeval,coh,1,5,0.559457,0.486275
gemma3_27b,summeval,coh,1,10,0.589977,0.507339
gemma3_27b,summeval,coh,0,10,0.590946,0.507565
gemma3_27b,summeval,coh,0,100,0.591274,0.501634
gemma3_27b,summeval,coh,0,0.5,0.538708,0.464074
gemma3_27b,summeval,coh,0,2,0.563748,0.471346
gemma3_27b,summeval,coh,0,5,0.560061,0.486097
gemma3_27b,summeval,coh,5,10,0.562901,0.478065
gemma3_27b,summeval,coh,20,25,0.578250,0.501340
gemma3_27b,summeval,coh,-0.1,0.1,0.491860,0.430728
gemma3_27b,summeval,coh,-0.5,0.5,0.571897,0.490127
gemma3_27b,summeval,coh,-1,1,0.590256,0.493166
gemma3_27b,summeval,coh,-2,2,0.563914,0.479120
gemma3_27b,summeval,coh,-3,3,0.550401,0.472888
gemma3_27b,summeval,coh,-4,4,0.586482,0.504440
gemma3_27b,summeval,coh,-5,5,0.601739,0.516839
gemma3_27b,summeval,coh,-1,3,0.541979,0.465074
gemma3_27b,summeval,coh,0,1000,0.567158,0.479436
gemma3_27b,summeval,con,0,1,0.643850,0.618281
gemma3_27b,summeval,con,1,3,0.646233,0.626290
gemma3_27b,summeval,con,1,5,0.630498,0.607741
gemma3_27b,summeval,con,1,10,0.548183,0.515749
gemma3_27b,summeval,con,0,10,0.589273,0.556729
gemma3_27b,summeval,con,0,100,0.581892,0.545018
gemma3_27b,summeval,con,0,0.5,0.634813,0.608322
gemma3_27b,summeval,con,0,2,0.648630,0.624740
gemma3_27b,summeval,con,0,5,0.643145,0.620051
gemma3_27b,summeval,con,5,10,0.514611,0.475008
gemma3_27b,summeval,con,20,25,0.566627,0.537344
gemma3_27b,summeval,con,-0.1,0.1,0.572112,0.541309
gemma3_27b,summeval,con,-0.5,0.5,0.640410,0.610661
gemma3_27b,summeval,con,-1,1,0.653991,0.626606
gemma3_27b,summeval,con,-2,2,0.657613,0.632550
gemma3_27b,summeval,con,-3,3,0.648190,0.622927
gemma3_27b,summeval,con,-4,4,0.642988,0.618195
gemma3_27b,summeval,con,-5,5,0.641716,0.615788
gemma3_27b,summeval,con,-1,3,0.639609,0.615435
gemma3_27b,summeval,con,0,1000,0.527238,0.498352
gemma3_27b,summeval,flu,0,1,0.400882,0.363242
gemma3_27b,summeval,flu,1,3,0.331787,0.316227
gemma3_27b,summeval,flu,1,5,0.367272,0.336196
gemma3_27b,summeval,flu,1,10,0.364291,0.340686
gemma3_27b,summeval,flu,0,10,0.368874,0.341582
gemma3_27b,summeval,flu,0,100,0.374737,0.347999
gemma3_27b,summeval,flu,0,0.5,0.380903,0.362188
gemma3_27b,summeval,flu,0,2,0.399860,0.362788
gemma3_27b,summeval,flu,0,5,0.369518,0.335062
gemma3_27b,summeval,flu,5,10,0.316685,0.292082
gemma3_27b,summeval,flu,20,25,0.370194,0.349461
gemma3_27b,summeval,flu,-0.1,0.1,0.302130,0.288421
gemma3_27b,summeval,flu,-0.5,0.5,0.397890,0.367193
gemma3_27b,summeval,flu,-1,1,0.396732,0.360622
gemma3_27b,summeval,flu,-2,2,0.356052,0.331420
gemma3_27b,summeval,flu,-3,3,0.383179,0.344610
gemma3_27b,summeval,flu,-4,4,0.355958,0.325478
gemma3_27b,summeval,flu,-5,5,0.377169,0.339898
gemma3_27b,summeval,flu,-1,3,0.356133,0.338147
gemma3_27b,summeval,flu,0,1000,0.362492,0.332472
gemma3_27b,summeval,rel,0,1,0.520037,0.443605
gemma3_27b,summeval,rel,1,3,0.507271,0.443748
gemma3_27b,summeval,rel,1,5,0.479432,0.418842
gemma3_27b,summeval,rel,1,10,0.507445,0.440478
gemma3_27b,summeval,rel,0,10,0.511119,0.442674
gemma3_27b,summeval,rel,0,100,0.523358,0.444262
gemma3_27b,summeval,rel,0,0.5,0.515828,0.444845
gemma3_27b,summeval,rel,0,2,0.533008,0.455461
gemma3_27b,summeval,rel,0,5,0.473909,0.411956
gemma3_27b,summeval,rel,5,10,0.522441,0.448439
gemma3_27b,summeval,rel,20,25,0.505492,0.445147
gemma3_27b,summeval,rel,-0.1,0.1,0.431542,0.381186
gemma3_27b,summeval,rel,-0.5,0.5,0.488810,0.428923
gemma3_27b,summeval,rel,-1,1,0.507129,0.434033
gemma3_27b,summeval,rel,-2,2,0.532635,0.456884
gemma3_27b,summeval,rel,-3,3,0.496630,0.432641
gemma3_27b,summeval,rel,-4,4,0.485409,0.423894
gemma3_27b,summeval,rel,-5,5,0.479262,0.416430
gemma3_27b,summeval,rel,-1,3,0.504321,0.440520
gemma3_27b,summeval,rel,0,1000,0.515529,0.441439
gemma3_27b,newsroom,coh,0,1,0.597849,0.531862
gemma3_27b,newsroom,coh,1,3,0.537764,0.481666
gemma3_27b,newsroom,coh,1,5,0.514202,0.459291
gemma3_27b,newsroom,coh,1,10,0.605060,0.538850
gemma3_27b,newsroom,coh,0,10,0.569449,0.505236
gemma3_27b,newsroom,coh,0,100,0.552305,0.487434
gemma3_27b,newsroom,coh,0,0.5,0.583535,0.517327
gemma3_27b,newsroom,coh,0,2,0.575760,0.507318
gemma3_27b,newsroom,coh,0,5,0.539597,0.481555
gemma3_27b,newsroom,coh,5,10,0.506026,0.453659
gemma3_27b,newsroom,coh,20,25,0.445186,0.381400
gemma3_27b,newsroom,coh,-0.1,0.1,0.600847,0.537388
gemma3_27b,newsroom,coh,-0.5,0.5,0.601291,0.530756
gemma3_27b,newsroom,coh,-1,1,0.564865,0.495775
gemma3_27b,newsroom,coh,-2,2,0.613348,0.537982
gemma3_27b,newsroom,coh,-3,3,0.593308,0.523896
gemma3_27b,newsroom,coh,-4,4,0.612969,0.548185
gemma3_27b,newsroom,coh,-5,5,0.576857,0.513605
gemma3_27b,newsroom,coh,-1,3,0.609110,0.548182
gemma3_27b,newsroom,coh,0,1000,0.564524,0.496526
gemma3_27b,newsroom,flu,0,1,0.580545,0.501188
gemma3_27b,newsroom,flu,1,3,0.635380,0.559462
gemma3_27b,newsroom,flu,1,5,0.552063,0.488861
gemma3_27b,newsroom,flu,1,10,0.497143,0.431300
gemma3_27b,newsroom,flu,0,10,0.508064,0.437907
gemma3_27b,newsroom,flu,0,100,0.534387,0.457923
gemma3_27b,newsroom,flu,0,0.5,0.551245,0.485106
gemma3_27b,newsroom,flu,0,2,0.592213,0.506908
gemma3_27b,newsroom,flu,0,5,0.601704,0.524769
gemma3_27b,newsroom,flu,5,10,0.549506,0.490799
gemma3_27b,newsroom,flu,20,25,0.463425,0.393538
gemma3_27b,newsroom,flu,-0.1,0.1,0.641691,0.564380
gemma3_27b,newsroom,flu,-0.5,0.5,0.608879,0.534462
gemma3_27b,newsroom,flu,-1,1,0.585794,0.513255
gemma3_27b,newsroom,flu,-2,2,0.566164,0.484876
gemma3_27b,newsroom,flu,-3,3,0.524649,0.448247
gemma3_27b,newsroom,flu,-4,4,0.520241,0.461481
gemma3_27b,newsroom,flu,-5,5,0.490425,0.419596
gemma3_27b,newsroom,flu,-1,3,0.638733,0.563109
gemma3_27b,newsroom,flu,0,1000,0.464693,0.391037
gemma3_27b,newsroom,inf,0,1,0.575738,0.496033
gemma3_27b,newsroom,inf,1,3,0.481811,0.427583
gemma3_27b,newsroom,inf,1,5,0.496926,0.434567
gemma3_27b,newsroom,inf,1,10,0.556631,0.473662
gemma3_27b,newsroom,inf,0,10,0.560545,0.480113
gemma3_27b,newsroom,inf,0,100,0.542351,0.463287
gemma3_27b,newsroom,inf,0,0.5,0.557223,0.485089
gemma3_27b,newsroom,inf,0,2,0.597481,0.522898
gemma3_27b,newsroom,inf,0,5,0.539570,0.471370
gemma3_27b,newsroom,inf,5,10,0.533915,0.463132
gemma3_27b,newsroom,inf,20,25,0.526991,0.456157
gemma3_27b,newsroom,inf,-0.1,0.1,0.478407,0.418979
gemma3_27b,newsroom,inf,-0.5,0.5,0.482756,0.426259
gemma3_27b,newsroom,inf,-1,1,0.539099,0.462101
gemma3_27b,newsroom,inf,-2,2,0.530238,0.457606
gemma3_27b,newsroom,inf,-3,3,0.517649,0.448172
gemma3_27b,newsroom,inf,-4,4,0.531809,0.458550
gemma3_27b,newsroom,inf,-5,5,0.538427,0.464014
gemma3_27b,newsroom,inf,-1,3,0.538997,0.467701
gemma3_27b,newsroom,inf,0,1000,0.552563,0.472112
gemma3_27b,newsroom,rel,0,1,0.535534,0.458121
gemma3_27b,newsroom,rel,1,3,0.455036,0.405118
gemma3_27b,newsroom,rel,1,5,0.525303,0.468454
gemma3_27b,newsroom,rel,1,10,0.551896,0.483933
gemma3_27b,newsroom,rel,0,10,0.563243,0.490223
gemma3_27b,newsroom,rel,0,100,0.534612,0.461541
gemma3_27b,newsroom,rel,0,0.5,0.573961,0.505202
gemma3_27b,newsroom,rel,0,2,0.567276,0.498805
gemma3_27b,newsroom,rel,0,5,0.532268,0.473117
gemma3_27b,newsroom,rel,5,10,0.511872,0.450629
gemma3_27b,newsroom,rel,20,25,0.489469,0.426436
gemma3_27b,newsroom,rel,-0.1,0.1,0.549352,0.491621
gemma3_27b,newsroom,rel,-0.5,0.5,0.552296,0.482687
gemma3_27b,newsroom,rel,-1,1,0.540350,0.459622
gemma3_27b,newsroom,rel,-2,2,0.556269,0.486848
gemma3_27b,newsroom,rel,-3,3,0.587557,0.512195
gemma3_27b,newsroom,rel,-4,4,0.556642,0.484783
gemma3_27b,newsroom,rel,-5,5,0.517168,0.448701
gemma3_27b,newsroom,rel,-1,3,0.556878,0.488085
gemma3_27b,newsroom,rel,0,1000,0.538950,0.472085
gemma3_27b,tc,coh,0,1,0.551484,0.485009
gemma3_27b,tc,coh,1,3,0.525456,0.488044
gemma3_27b,tc,coh,1,5,0.527612,0.482483
gemma3_27b,tc,coh,1,10,0.536895,0.474334
gemma3_27b,tc,coh,0,10,0.525430,0.465098
gemma3_27b,tc,coh,0,100,0.537253,0.471237
gemma3_27b,tc,coh,0,0.5,0.541370,0.485184
gemma3_27b,tc,coh,0,2,0.551891,0.496949
gemma3_27b,tc,coh,0,5,0.555129,0.500900
gemma3_27b,tc,coh,5,10,0.563995,0.517575
gemma3_27b,tc,coh,20,25,0.519657,0.470788
gemma3_27b,tc,coh,-0.1,0.1,0.522487,0.483532
gemma3_27b,tc,coh,-0.5,0.5,0.512948,0.461569
gemma3_27b,tc,coh,-1,1,0.535559,0.481338
gemma3_27b,tc,coh,-2,2,0.505356,0.460339
gemma3_27b,tc,coh,-3,3,0.504740,0.463128
gemma3_27b,tc,coh,-4,4,0.540284,0.500715
gemma3_27b,tc,coh,-5,5,0.553416,0.501431
gemma3_27b,tc,coh,-1,3,0.515230,0.466215
gemma3_27b,tc,coh,0,1000,0.547379,0.489626
gemma3_27b,tc,eng,0,1,0.724564,0.659863
gemma3_27b,tc,eng,1,3,0.606767,0.556886
gemma3_27b,tc,eng,1,5,0.669142,0.610250
gemma3_27b,tc,eng,1,10,0.688442,0.615870
gemma3_27b,tc,eng,0,10,0.696577,0.622519
gemma3_27b,tc,eng,0,100,0.701831,0.620256
gemma3_27b,tc,eng,0,0.5,0.699723,0.632710
gemma3_27b,tc,eng,0,2,0.685504,0.616866
gemma3_27b,tc,eng,0,5,0.662550,0.604976
gemma3_27b,tc,eng,5,10,0.670284,0.620572
gemma3_27b,tc,eng,20,25,0.672828,0.608907
gemma3_27b,tc,eng,-0.1,0.1,0.659345,0.594537
gemma3_27b,tc,eng,-0.5,0.5,0.680238,0.611385
gemma3_27b,tc,eng,-1,1,0.683050,0.611277
gemma3_27b,tc,eng,-2,2,0.689251,0.624276
gemma3_27b,tc,eng,-3,3,0.665387,0.594848
gemma3_27b,tc,eng,-4,4,0.665220,0.595131
gemma3_27b,tc,eng,-5,5,0.660833,0.585207
gemma3_27b,tc,eng,-1,3,0.644323,0.580549
gemma3_27b,tc,eng,0,1000,0.713241,0.641232
gemma3_27b,tc,gro,0,1,0.682226,0.629156
gemma3_27b,tc,gro,1,3,0.688716,0.657999
gemma3_27b,tc,gro,1,5,0.660184,0.611801
gemma3_27b,tc,gro,1,10,0.691011,0.636184
gemma3_27b,tc,gro,0,10,0.646589,0.594185
gemma3_27b,tc,gro,0,100,0.659613,0.601729
gemma3_27b,tc,gro,0,0.5,0.700011,0.655776
gemma3_27b,tc,gro,0,2,0.683750,0.638971
gemma3_27b,tc,gro,0,5,0.664083,0.612533
gemma3_27b,tc,gro,5,10,0.671153,0.626400
gemma3_27b,tc,gro,20,25,0.651721,0.606424
gemma3_27b,tc,gro,-0.1,0.1,0.655265,0.616507
gemma3_27b,tc,gro,-0.5,0.5,0.641193,0.597473
gemma3_27b,tc,gro,-1,1,0.672394,0.620295
gemma3_27b,tc,gro,-2,2,0.643014,0.598360
gemma3_27b,tc,gro,-3,3,0.643427,0.596075
gemma3_27b,tc,gro,-4,4,0.641745,0.588403
gemma3_27b,tc,gro,-5,5,0.608130,0.559441
gemma3_27b,tc,gro,-1,3,0.645112,0.600540
gemma3_27b,tc,gro,0,1000,0.683169,0.625121
gemma3_27b,tc,nat,0,1,0.641749,0.561315
gemma3_27b,tc,nat,1,3,0.592675,0.536198
gemma3_27b,tc,nat,1,5,0.614054,0.549167
gemma3_27b,tc,nat,1,10,0.619068,0.547222
gemma3_27b,tc,nat,0,10,0.611370,0.541810
gemma3_27b,tc,nat,0,100,0.612815,0.544209
gemma3_27b,tc,nat,0,0.5,0.609542,0.537523
gemma3_27b,tc,nat,0,2,0.597970,0.527853
gemma3_27b,tc,nat,0,5,0.578262,0.511027
gemma3_27b,tc,nat,5,10,0.618315,0.555696
gemma3_27b,tc,nat,20,25,0.615007,0.547411
gemma3_27b,tc,nat,-0.1,0.1,0.537840,0.488250
gemma3_27b,tc,nat,-0.5,0.5,0.572505,0.516045
gemma3_27b,tc,nat,-1,1,0.612440,0.530202
gemma3_27b,tc,nat,-2,2,0.568092,0.507213
gemma3_27b,tc,nat,-3,3,0.557832,0.493109
gemma3_27b,tc,nat,-4,4,0.556260,0.494153
gemma3_27b,tc,nat,-5,5,0.579040,0.511856
gemma3_27b,tc,nat,-1,3,0.563271,0.513064
gemma3_27b,tc,nat,0,1000,0.612667,0.533952
gemma3_27b,wp_a,coh,0,1,0.536920,0.415293
gemma3_27b,wp_a,coh,1,3,0.401713,0.328299
gemma3_27b,wp_a,coh,1,5,0.489038,0.396606
gemma3_27b,wp_a,coh,1,10,0.520954,0.406178
gemma3_27b,wp_a,coh,0,10,0.515420,0.399275
gemma3_27b,wp_a,coh,0,100,0.524562,0.410430
gemma3_27b,wp_a,coh,0,0.5,0.510582,0.407612
gemma3_27b,wp_a,coh,0,2,0.491821,0.380322
gemma3_27b,wp_a,coh,0,5,0.489302,0.390371
gemma3_27b,wp_a,coh,5,10,0.519382,0.421156
gemma3_27b,wp_a,coh,20,25,0.538304,0.433173
gemma3_27b,wp_a,coh,-0.1,0.1,0.436731,0.361427
gemma3_27b,wp_a,coh,-0.5,0.5,0.494267,0.385534
gemma3_27b,wp_a,coh,-1,1,0.476477,0.364482
gemma3_27b,wp_a,coh,-2,2,0.423112,0.338076
gemma3_27b,wp_a,coh,-3,3,0.338197,0.267948
gemma3_27b,wp_a,coh,-4,4,0.317688,0.246278
gemma3_27b,wp_a,coh,-5,5,0.394126,0.313925
gemma3_27b,wp_a,coh,-1,3,0.435607,0.346633
gemma3_27b,wp_a,coh,0,1000,0.520693,0.401603
gemma3_27b,wp_a,enj,0,1,0.430082,0.333900
gemma3_27b,wp_a,enj,1,3,0.349806,0.289654
gemma3_27b,wp_a,enj,1,5,0.432588,0.347659
gemma3_27b,wp_a,enj,1,10,0.414867,0.322568
gemma3_27b,wp_a,enj,0,10,0.407024,0.318466
gemma3_27b,wp_a,enj,0,100,0.398537,0.312731
gemma3_27b,wp_a,enj,0,0.5,0.404276,0.322948
gemma3_27b,wp_a,enj,0,2,0.410082,0.315971
gemma3_27b,wp_a,enj,0,5,0.409028,0.324049
gemma3_27b,wp_a,enj,5,10,0.407414,0.326256
gemma3_27b,wp_a,enj,20,25,0.406631,0.328681
gemma3_27b,wp_a,enj,-0.1,0.1,0.408231,0.321963
gemma3_27b,wp_a,enj,-0.5,0.5,0.389588,0.299087
gemma3_27b,wp_a,enj,-1,1,0.397242,0.300669
gemma3_27b,wp_a,enj,-2,2,0.374005,0.287201
gemma3_27b,wp_a,enj,-3,3,0.381981,0.290877
gemma3_27b,wp_a,enj,-4,4,0.384087,0.294374
gemma3_27b,wp_a,enj,-5,5,0.439517,0.343500
gemma3_27b,wp_a,enj,-1,3,0.419181,0.335457
gemma3_27b,wp_a,enj,0,1000,0.384566,0.300076
gemma3_27b,wp_a,gra,0,1,0.341172,0.268306
gemma3_27b,wp_a,gra,1,3,0.342478,0.284288
gemma3_27b,wp_a,gra,1,5,0.342982,0.271525
gemma3_27b,wp_a,gra,1,10,0.359390,0.283499
gemma3_27b,wp_a,gra,0,10,0.367703,0.288890
gemma3_27b,wp_a,gra,0,100,0.355019,0.281127
gemma3_27b,wp_a,gra,0,0.5,0.339300,0.277249
gemma3_27b,wp_a,gra,0,2,0.365074,0.285712
gemma3_27b,wp_a,gra,0,5,0.360165,0.283828
gemma3_27b,wp_a,gra,5,10,0.351376,0.280341
gemma3_27b,wp_a,gra,20,25,0.370132,0.300843
gemma3_27b,wp_a,gra,-0.1,0.1,0.319844,0.271050
gemma3_27b,wp_a,gra,-0.5,0.5,0.287979,0.228177
gemma3_27b,wp_a,gra,-1,1,0.334154,0.256660
gemma3_27b,wp_a,gra,-2,2,0.291222,0.230215
gemma3_27b,wp_a,gra,-3,3,0.262938,0.207399
gemma3_27b,wp_a,gra,-4,4,0.328155,0.259347
gemma3_27b,wp_a,gra,-5,5,0.360830,0.289778
gemma3_27b,wp_a,gra,-1,3,0.311083,0.252103
gemma3_27b,wp_a,gra,0,1000,0.366368,0.286218
gemma3_27b,wp_a,rel,0,1,0.690211,0.545983
gemma3_27b,wp_a,rel,1,3,0.564294,0.467068
gemma3_27b,wp_a,rel,1,5,0.614031,0.497590
gemma3_27b,wp_a,rel,1,10,0.608695,0.480710
gemma3_27b,wp_a,rel,0,10,0.618279,0.486860
gemma3_27b,wp_a,rel,0,100,0.623048,0.485461
gemma3_27b,wp_a,rel,0,0.5,0.670404,0.538076
gemma3_27b,wp_a,rel,0,2,0.652096,0.521479
gemma3_27b,wp_a,rel,0,5,0.619854,0.494773
gemma3_27b,wp_a,rel,5,10,0.618862,0.504939
gemma3_27b,wp_a,rel,20,25,0.590818,0.467829
gemma3_27b,wp_a,rel,-0.1,0.1,0.558864,0.450790
gemma3_27b,wp_a,rel,-0.5,0.5,0.606747,0.479585
gemma3_27b,wp_a,rel,-1,1,0.609740,0.479366
gemma3_27b,wp_a,rel,-2,2,0.577712,0.475058
gemma3_27b,wp_a,rel,-3,3,0.584369,0.471868
gemma3_27b,wp_a,rel,-4,4,0.600711,0.488268
gemma3_27b,wp_a,rel,-5,5,0.629263,0.496829
gemma3_27b,wp_a,rel,-1,3,0.604888,0.485901
gemma3_27b,wp_a,rel,0,1000,0.621920,0.482647
gemma2_9b,summeval,coh,0,1,0.607015,0.510598
gemma2_9b,summeval,coh,1,3,0.581327,0.500693
gemma2_9b,summeval,coh,1,5,0.623041,0.537568
gemma2_9b,summeval,coh,1,10,0.622232,0.526866
gemma2_9b,summeval,coh,0,10,0.624735,0.526970
gemma2_9b,summeval,coh,0,100,0.619063,0.519883
gemma2_9b,summeval,coh,0,0.5,0.584728,0.506989
gemma2_9b,summeval,coh,0,2,0.594736,0.498261
gemma2_9b,summeval,coh,0,5,0.635227,0.532399
gemma2_9b,summeval,coh,5,10,0.623932,0.529742
gemma2_9b,summeval,coh,20,25,0.584774,0.503175
gemma2_9b,summeval,coh,-0.1,0.1,0.574422,0.495590
gemma2_9b,summeval,coh,-0.5,0.5,0.620067,0.529585
gemma2_9b,summeval,coh,-1,1,0.599240,0.495973
gemma2_9b,summeval,coh,-2,2,0.591251,0.502669
gemma2_9b,summeval,coh,-3,3,0.609738,0.515854
gemma2_9b,summeval,coh,-4,4,0.612074,0.513581
gemma2_9b,summeval,coh,-5,5,0.604040,0.510054
gemma2_9b,summeval,coh,-1,3,0.613496,0.517829
gemma2_9b,summeval,coh,0,1000,0.610205,0.506078
gemma2_9b,summeval,con,0,1,0.472224,0.423389
gemma2_9b,summeval,con,1,3,0.464067,0.421325
gemma2_9b,summeval,con,1,5,0.481027,0.441219
gemma2_9b,summeval,con,1,10,0.472024,0.426196
gemma2_9b,summeval,con,0,10,0.470593,0.420549
gemma2_9b,summeval,con,0,100,0.464991,0.419864
gemma2_9b,summeval,con,0,0.5,0.470358,0.433634
gemma2_9b,summeval,con,0,2,0.465932,0.415995
gemma2_9b,summeval,con,0,5,0.479133,0.427561
gemma2_9b,summeval,con,5,10,0.471678,0.424674
gemma2_9b,summeval,con,20,25,0.460054,0.417900
gemma2_9b,summeval,con,-0.1,0.1,0.470157,0.426755
gemma2_9b,summeval,con,-0.5,0.5,0.484382,0.439915
gemma2_9b,summeval,con,-1,1,0.491296,0.444966
gemma2_9b,summeval,con,-2,2,0.461336,0.416445
gemma2_9b,summeval,con,-3,3,0.490961,0.448977
gemma2_9b,summeval,con,-4,4,0.483076,0.443576
gemma2_9b,summeval,con,-5,5,0.476278,0.431970
gemma2_9b,summeval,con,-1,3,0.493008,0.448872
gemma2_9b,summeval,con,0,1000,0.465557,0.415852
gemma2_9b,summeval,flu,0,1,0.400411,0.360260
gemma2_9b,summeval,flu,1,3,0.372183,0.340605
gemma2_9b,summeval,flu,1,5,0.363253,0.330279
gemma2_9b,summeval,flu,1,10,0.366464,0.330950
gemma2_9b,summeval,flu,0,10,0.386738,0.347306
gemma2_9b,summeval,flu,0,100,0.395822,0.351015
gemma2_9b,summeval,flu,0,0.5,0.343271,0.323330
gemma2_9b,summeval,flu,0,2,0.350666,0.320255
gemma2_9b,summeval,flu,0,5,0.371726,0.329450
gemma2_9b,summeval,flu,5,10,0.360169,0.321540
gemma2_9b,summeval,flu,20,25,0.322768,0.295238
gemma2_9b,summeval,flu,-0.1,0.1,0.259598,0.238194
gemma2_9b,summeval,flu,-0.5,0.5,0.292276,0.270234
gemma2_9b,summeval,flu,-1,1,0.339891,0.308040
gemma2_9b,summeval,flu,-2,2,0.234235,0.216808
gemma2_9b,summeval,flu,-3,3,0.277037,0.259076
gemma2_9b,summeval,flu,-4,4,0.192905,0.177712
gemma2_9b,summeval,flu,-5,5,0.194404,0.183002
gemma2_9b,summeval,flu,-1,3,0.113282,0.095629
gemma2_9b,summeval,flu,0,1000,0.370452,0.327446
gemma2_9b,summeval,rel,0,1,0.544636,0.457458
gemma2_9b,summeval,rel,1,3,0.538378,0.461840
gemma2_9b,summeval,rel,1,5,0.539189,0.465090
gemma2_9b,summeval,rel,1,10,0.542614,0.459340
gemma2_9b,summeval,rel,0,10,0.544439,0.459934
gemma2_9b,summeval,rel,0,100,0.540539,0.457154
gemma2_9b,summeval,rel,0,0.5,0.546505,0.476594
gemma2_9b,summeval,rel,0,2,0.551336,0.457799
gemma2_9b,summeval,rel,0,5,0.544936,0.455570
gemma2_9b,summeval,rel,5,10,0.531421,0.453294
gemma2_9b,summeval,rel,20,25,0.534816,0.461705
gemma2_9b,summeval,rel,-0.1,0.1,0.506741,0.438544
gemma2_9b,summeval,rel,-0.5,0.5,0.529717,0.448638
gemma2_9b,summeval,rel,-1,1,0.538131,0.448091
gemma2_9b,summeval,rel,-2,2,0.524092,0.442996
gemma2_9b,summeval,rel,-3,3,0.514553,0.436501
gemma2_9b,summeval,rel,-4,4,0.517568,0.439959
gemma2_9b,summeval,rel,-5,5,0.520070,0.439354
gemma2_9b,summeval,rel,-1,3,0.518852,0.439230
gemma2_9b,summeval,rel,0,1000,0.551838,0.461829
gemma2_9b,newsroom,coh,0,1,0.581231,0.517045
gemma2_9b,newsroom,coh,1,3,0.469993,0.417959
gemma2_9b,newsroom,coh,1,5,0.467178,0.412721
gemma2_9b,newsroom,coh,1,10,0.518384,0.452633
gemma2_9b,newsroom,coh,0,10,0.561784,0.494799
gemma2_9b,newsroom,coh,0,100,0.567746,0.495887
gemma2_9b,newsroom,coh,0,0.5,0.559930,0.502312
gemma2_9b,newsroom,coh,0,2,0.540698,0.475774
gemma2_9b,newsroom,coh,0,5,0.546621,0.484273
gemma2_9b,newsroom,coh,5,10,0.555084,0.485769
gemma2_9b,newsroom,coh,20,25,0.337816,0.269011
gemma2_9b,newsroom,coh,-0.1,0.1,0.508923,0.452229
gemma2_9b,newsroom,coh,-0.5,0.5,0.540925,0.478434
gemma2_9b,newsroom,coh,-1,1,0.536516,0.471791
gemma2_9b,newsroom,coh,-2,2,0.516487,0.459022
gemma2_9b,newsroom,coh,-3,3,0.556398,0.487787
gemma2_9b,newsroom,coh,-4,4,0.554189,0.488858
gemma2_9b,newsroom,coh,-5,5,0.551827,0.491502
gemma2_9b,newsroom,coh,-1,3,0.471052,0.414850
gemma2_9b,newsroom,coh,0,1000,0.560047,0.494442
gemma2_9b,newsroom,flu,0,1,0.577523,0.499296
gemma2_9b,newsroom,flu,1,3,0.540621,0.483187
gemma2_9b,newsroom,flu,1,5,0.579339,0.513291
gemma2_9b,newsroom,flu,1,10,0.577276,0.498544
gemma2_9b,newsroom,flu,0,10,0.592334,0.521407
gemma2_9b,newsroom,flu,0,100,0.590683,0.510019
gemma2_9b,newsroom,flu,0,0.5,0.549845,0.486181
gemma2_9b,newsroom,flu,0,2,0.568068,0.490764
gemma2_9b,newsroom,flu,0,5,0.588771,0.512998
gemma2_9b,newsroom,flu,5,10,0.611115,0.531306
gemma2_9b,newsroom,flu,20,25,0.446419,0.396760
gemma2_9b,newsroom,flu,-0.1,0.1,0.365920,0.314377
gemma2_9b,newsroom,flu,-0.5,0.5,0.588956,0.530886
gemma2_9b,newsroom,flu,-1,1,0.543541,0.484337
gemma2_9b,newsroom,flu,-2,2,0.400739,0.357898
gemma2_9b,newsroom,flu,-3,3,0.359116,0.309868
gemma2_9b,newsroom,flu,-4,4,0.165995,0.137358
gemma2_9b,newsroom,flu,-5,5,0.178165,0.159702
gemma2_9b,newsroom,flu,-1,3,0.362814,0.316093
gemma2_9b,newsroom,flu,0,1000,0.612337,0.532715
gemma2_9b,newsroom,inf,0,1,0.519739,0.453645
gemma2_9b,newsroom,inf,1,3,0.449366,0.402551
gemma2_9b,newsroom,inf,1,5,0.492993,0.436816
gemma2_9b,newsroom,inf,1,10,0.499904,0.425903
gemma2_9b,newsroom,inf,0,10,0.546147,0.465803
gemma2_9b,newsroom,inf,0,100,0.538116,0.461120
gemma2_9b,newsroom,inf,0,0.5,0.498904,0.434091
gemma2_9b,newsroom,inf,0,2,0.543053,0.463120
gemma2_9b,newsroom,inf,0,5,0.531951,0.459661
gemma2_9b,newsroom,inf,5,10,0.544665,0.462970
gemma2_9b,newsroom,inf,20,25,0.243804,0.194548
gemma2_9b,newsroom,inf,-0.1,0.1,0.539304,0.470835
gemma2_9b,newsroom,inf,-0.5,0.5,0.533529,0.456551
gemma2_9b,newsroom,inf,-1,1,0.554082,0.477787
gemma2_9b,newsroom,inf,-2,2,0.550658,0.489314
gemma2_9b,newsroom,inf,-3,3,0.547205,0.479378
gemma2_9b,newsroom,inf,-4,4,0.556087,0.489278
gemma2_9b,newsroom,inf,-5,5,0.536463,0.464290
gemma2_9b,newsroom,inf,-1,3,0.465804,0.414279
gemma2_9b,newsroom,inf,0,1000,0.570216,0.490740
gemma2_9b,newsroom,rel,0,1,0.501777,0.424515
gemma2_9b,newsroom,rel,1,3,0.368946,0.321695
gemma2_9b,newsroom,rel,1,5,0.408470,0.356623
gemma2_9b,newsroom,rel,1,10,0.497833,0.422164
gemma2_9b,newsroom,rel,0,10,0.494511,0.418402
gemma2_9b,newsroom,rel,0,100,0.492024,0.418926
gemma2_9b,newsroom,rel,0,0.5,0.506537,0.441656
gemma2_9b,newsroom,rel,0,2,0.482933,0.408672
gemma2_9b,newsroom,rel,0,5,0.471932,0.398787
gemma2_9b,newsroom,rel,5,10,0.489887,0.416550
gemma2_9b,newsroom,rel,20,25,0.226715,0.173443
gemma2_9b,newsroom,rel,-0.1,0.1,0.500686,0.438565
gemma2_9b,newsroom,rel,-0.5,0.5,0.455160,0.384720
gemma2_9b,newsroom,rel,-1,1,0.461726,0.398282
gemma2_9b,newsroom,rel,-2,2,0.479228,0.413356
gemma2_9b,newsroom,rel,-3,3,0.512624,0.443483
gemma2_9b,newsroom,rel,-4,4,0.522494,0.455219
gemma2_9b,newsroom,rel,-5,5,0.504453,0.437471
gemma2_9b,newsroom,rel,-1,3,0.381196,0.334621
gemma2_9b,newsroom,rel,0,1000,0.504031,0.428381
gemma2_9b,tc,coh,0,1,0.584498,0.521621
gemma2_9b,tc,coh,1,3,0.589063,0.545737
gemma2_9b,tc,coh,1,5,0.594462,0.541585
gemma2_9b,tc,coh,1,10,0.569253,0.511517
gemma2_9b,tc,coh,0,10,0.579929,0.511856
gemma2_9b,tc,coh,0,100,0.569818,0.505485
gemma2_9b,tc,coh,0,0.5,0.553855,0.498781
gemma2_9b,tc,coh,0,2,0.565194,0.503557
gemma2_9b,tc,coh,0,5,0.573239,0.505604
gemma2_9b,tc,coh,5,10,0.576186,0.513569
gemma2_9b,tc,coh,20,25,0.540937,0.482537
gemma2_9b,tc,coh,-0.1,0.1,0.494919,0.451611
gemma2_9b,tc,coh,-0.5,0.5,0.551592,0.494135
gemma2_9b,tc,coh,-1,1,0.560371,0.508691
gemma2_9b,tc,coh,-2,2,0.567461,0.515402
gemma2_9b,tc,coh,-3,3,0.603381,0.545276
gemma2_9b,tc,coh,-4,4,0.580583,0.517004
gemma2_9b,tc,coh,-5,5,0.571278,0.507586
gemma2_9b,tc,coh,-1,3,0.590583,0.536332
gemma2_9b,tc,coh,0,1000,0.596350,0.533679
gemma2_9b,tc,eng,0,1,0.764517,0.688194
gemma2_9b,tc,eng,1,3,0.735165,0.670570
gemma2_9b,tc,eng,1,5,0.699674,0.625705
gemma2_9b,tc,eng,1,10,0.739116,0.658990
gemma2_9b,tc,eng,0,10,0.760107,0.684864
gemma2_9b,tc,eng,0,100,0.729728,0.650485
gemma2_9b,tc,eng,0,0.5,0.747564,0.678242
gemma2_9b,tc,eng,0,2,0.736390,0.664905
gemma2_9b,tc,eng,0,5,0.728855,0.646357
gemma2_9b,tc,eng,5,10,0.722572,0.647130
gemma2_9b,tc,eng,20,25,0.684855,0.612925
gemma2_9b,tc,eng,-0.1,0.1,0.737858,0.670273
gemma2_9b,tc,eng,-0.5,0.5,0.723932,0.649583
gemma2_9b,tc,eng,-1,1,0.708824,0.637669
gemma2_9b,tc,eng,-2,2,0.710461,0.640364
gemma2_9b,tc,eng,-3,3,0.727079,0.655930
gemma2_9b,tc,eng,-4,4,0.729986,0.650858
gemma2_9b,tc,eng,-5,5,0.714569,0.635034
gemma2_9b,tc,eng,-1,3,0.726581,0.646004
gemma2_9b,tc,eng,0,1000,0.748795,0.669992
gemma2_9b,tc,gro,0,1,0.675393,0.630852
gemma2_9b,tc,gro,1,3,0.603483,0.570638
gemma2_9b,tc,gro,1,5,0.656349,0.615165
gemma2_9b,tc,gro,1,10,0.643688,0.596659
gemma2_9b,tc,gro,0,10,0.636151,0.583746
gemma2_9b,tc,gro,0,100,0.654981,0.592386
gemma2_9b,tc,gro,0,0.5,0.670657,0.633973
gemma2_9b,tc,gro,0,2,0.641190,0.594616
gemma2_9b,tc,gro,0,5,0.634859,0.588529
gemma2_9b,tc,gro,5,10,0.631499,0.574029
gemma2_9b,tc,gro,20,25,0.571728,0.524607
gemma2_9b,tc,gro,-0.1,0.1,0.634228,0.598223
gemma2_9b,tc,gro,-0.5,0.5,0.607542,0.558600
gemma2_9b,tc,gro,-1,1,0.601618,0.554778
gemma2_9b,tc,gro,-2,2,0.573548,0.536639
gemma2_9b,tc,gro,-3,3,0.610824,0.563350
gemma2_9b,tc,gro,-4,4,0.584062,0.540813
gemma2_9b,tc,gro,-5,5,0.598121,0.555058
gemma2_9b,tc,gro,-1,3,0.616189,0.571513
gemma2_9b,tc,gro,0,1000,0.663272,0.607481
gemma2_9b,tc,nat,0,1,0.653214,0.573906
gemma2_9b,tc,nat,1,3,0.658314,0.594224
gemma2_9b,tc,nat,1,5,0.620096,0.551354
gemma2_9b,tc,nat,1,10,0.612184,0.521772
gemma2_9b,tc,nat,0,10,0.616121,0.521663
gemma2_9b,tc,nat,0,100,0.625801,0.536304
gemma2_9b,tc,nat,0,0.5,0.646591,0.579828
gemma2_9b,tc,nat,0,2,0.634710,0.554420
gemma2_9b,tc,nat,0,5,0.612442,0.529805
gemma2_9b,tc,nat,5,10,0.612751,0.525221
gemma2_9b,tc,nat,20,25,0.612570,0.540214
gemma2_9b,tc,nat,-0.1,0.1,0.595370,0.522941
gemma2_9b,tc,nat,-0.5,0.5,0.597829,0.523126
gemma2_9b,tc,nat,-1,1,0.610030,0.533722
gemma2_9b,tc,nat,-2,2,0.638093,0.565531
gemma2_9b,tc,nat,-3,3,0.593130,0.512738
gemma2_9b,tc,nat,-4,4,0.601144,0.523801
gemma2_9b,tc,nat,-5,5,0.624281,0.547443
gemma2_9b,tc,nat,-1,3,0.620397,0.539938
gemma2_9b,tc,nat,0,1000,0.618606,0.535968
gemma2_9b,wp_a,coh,0,1,0.421972,0.333183
gemma2_9b,wp_a,coh,1,3,0.381048,0.319005
gemma2_9b,wp_a,coh,1,5,0.461543,0.374959
gemma2_9b,wp_a,coh,1,10,0.423432,0.336351
gemma2_9b,wp_a,coh,0,10,0.429816,0.333555
gemma2_9b,wp_a,coh,0,100,0.426330,0.328828
gemma2_9b,wp_a,coh,0,0.5,0.415668,0.336747
gemma2_9b,wp_a,coh,0,2,0.415229,0.320278
gemma2_9b,wp_a,coh,0,5,0.437360,0.336504
gemma2_9b,wp_a,coh,5,10,0.432348,0.337739
gemma2_9b,wp_a,coh,20,25,0.327706,0.261532
gemma2_9b,wp_a,coh,-0.1,0.1,0.282971,0.236682
gemma2_9b,wp_a,coh,-0.5,0.5,0.409798,0.329245
gemma2_9b,wp_a,coh,-1,1,0.441320,0.357436
gemma2_9b,wp_a,coh,-2,2,0.431856,0.349703
gemma2_9b,wp_a,coh,-3,3,0.454643,0.356255
gemma2_9b,wp_a,coh,-4,4,0.436557,0.348067
gemma2_9b,wp_a,coh,-5,5,0.450702,0.360726
gemma2_9b,wp_a,coh,-1,3,0.417774,0.349400
gemma2_9b,wp_a,coh,0,1000,0.443849,0.343554
gemma2_9b,wp_a,enj,0,1,0.409314,0.318130
gemma2_9b,wp_a,enj,1,3,0.368442,0.297882
gemma2_9b,wp_a,enj,1,5,0.423366,0.334566
gemma2_9b,wp_a,enj,1,10,0.417543,0.322424
gemma2_9b,wp_a,enj,0,10,0.416079,0.319972
gemma2_9b,wp_a,enj,0,100,0.397669,0.304056
gemma2_9b,wp_a,enj,0,0.5,0.401735,0.322992
gemma2_9b,wp_a,enj,0,2,0.402927,0.313699
gemma2_9b,wp_a,enj,0,5,0.419198,0.317903
gemma2_9b,wp_a,enj,5,10,0.410076,0.318367
gemma2_9b,wp_a,enj,20,25,0.282633,0.214957
gemma2_9b,wp_a,enj,-0.1,0.1,0.367641,0.298176
gemma2_9b,wp_a,enj,-0.5,0.5,0.398000,0.312220
gemma2_9b,wp_a,enj,-1,1,0.382670,0.301423
gemma2_9b,wp_a,enj,-2,2,0.401362,0.317655
gemma2_9b,wp_a,enj,-3,3,0.419402,0.324633
gemma2_9b,wp_a,enj,-4,4,0.393434,0.302428
gemma2_9b,wp_a,enj,-5,5,0.423919,0.328472
gemma2_9b,wp_a,enj,-1,3,0.353319,0.280053
gemma2_9b,wp_a,enj,0,1000,0.403888,0.310499
gemma2_9b,wp_a,gra,0,1,0.376101,0.286617
gemma2_9b,wp_a,gra,1,3,0.421762,0.335140
gemma2_9b,wp_a,gra,1,5,0.389558,0.307600
gemma2_9b,wp_a,gra,1,10,0.411135,0.315768
gemma2_9b,wp_a,gra,0,10,0.415386,0.314151
gemma2_9b,wp_a,gra,0,100,0.383589,0.287425
gemma2_9b,wp_a,gra,0,0.5,0.371328,0.300628
gemma2_9b,wp_a,gra,0,2,0.420526,0.322474
gemma2_9b,wp_a,gra,0,5,0.426402,0.324903
gemma2_9b,wp_a,gra,5,10,0.420238,0.319370
gemma2_9b,wp_a,gra,20,25,0.423839,0.337092
gemma2_9b,wp_a,gra,-0.1,0.1,0.393468,0.328728
gemma2_9b,wp_a,gra,-0.5,0.5,0.399442,0.324531
gemma2_9b,wp_a,gra,-1,1,0.398601,0.319420
gemma2_9b,wp_a,gra,-2,2,0.394422,0.318814
gemma2_9b,wp_a,gra,-3,3,0.366835,0.287469
gemma2_9b,wp_a,gra,-4,4,0.372731,0.298374
gemma2_9b,wp_a,gra,-5,5,0.377119,0.304116
gemma2_9b,wp_a,gra,-1,3,0.373820,0.297465
gemma2_9b,wp_a,gra,0,1000,0.417258,0.311266
gemma2_9b,wp_a,rel,0,1,0.602342,0.480772
gemma2_9b,wp_a,rel,1,3,0.487953,0.400014
gemma2_9b,wp_a,rel,1,5,0.538794,0.434443
gemma2_9b,wp_a,rel,1,10,0.541248,0.431803
gemma2_9b,wp_a,rel,0,10,0.594924,0.470331
gemma2_9b,wp_a,rel,0,100,0.601458,0.473942
gemma2_9b,wp_a,rel,0,0.5,0.586305,0.472265
gemma2_9b,wp_a,rel,0,2,0.603624,0.473442
gemma2_9b,wp_a,rel,0,5,0.597678,0.471550
gemma2_9b,wp_a,rel,5,10,0.584814,0.463649
gemma2_9b,wp_a,rel,20,25,0.246615,0.189356
gemma2_9b,wp_a,rel,-0.1,0.1,0.581499,0.477188
gemma2_9b,wp_a,rel,-0.5,0.5,0.600711,0.475867
gemma2_9b,wp_a,rel,-1,1,0.589659,0.470731
gemma2_9b,wp_a,rel,-2,2,0.600741,0.479021
gemma2_9b,wp_a,rel,-3,3,0.598426,0.475378
gemma2_9b,wp_a,rel,-4,4,0.550292,0.438841
gemma2_9b,wp_a,rel,-5,5,0.545296,0.436066
gemma2_9b,wp_a,rel,-1,3,0.484643,0.393251
gemma2_9b,wp_a,rel,0,1000,0.626951,0.490017
llama31_8b,summeval,coh,0,1,0.429238,0.371186
llama31_8b,summeval,coh,1,3,0.367741,0.322505
llama31_8b,summeval,coh,1,5,0.329612,0.286192
llama31_8b,summeval,coh,1,10,0.427938,0.368066
llama31_8b,summeval,coh,0,10,0.417940,0.356687
llama31_8b,summeval,coh,0,100,0.400717,0.333393
llama31_8b,summeval,coh,0,0.5,0.451606,0.389514
llama31_8b,summeval,coh,0,2,0.368577,0.315292
llama31_8b,summeval,coh,0,5,0.401571,0.346046
llama31_8b,summeval,coh,5,10,0.381680,0.334946
llama31_8b,summeval,coh,20,25,0.415256,0.353526
llama31_8b,summeval,coh,-0.1,0.1,0.450364,0.381417
llama31_8b,summeval,coh,-0.5,0.5,0.440633,0.368960
llama31_8b,summeval,coh,-1,1,0.444910,0.379496
llama31_8b,summeval,coh,-2,2,0.409120,0.349026
llama31_8b,summeval,coh,-3,3,0.438296,0.374521
llama31_8b,summeval,coh,-4,4,0.449366,0.382088
llama31_8b,summeval,coh,-5,5,0.438277,0.374765
llama31_8b,summeval,coh,-1,3,0.403899,0.350369
llama31_8b,summeval,coh,0,1000,0.395623,0.333585
llama31_8b,summeval,con,0,1,0.444690,0.420324
llama31_8b,summeval,con,1,3,0.447202,0.428633
llama31_8b,summeval,con,1,5,0.407415,0.390511
llama31_8b,summeval,con,1,10,0.458128,0.431236
llama31_8b,summeval,con,0,10,0.483384,0.450633
llama31_8b,summeval,con,0,100,0.454780,0.420201
llama31_8b,summeval,con,0,0.5,0.508569,0.481296
llama31_8b,summeval,con,0,2,0.452088,0.428502
llama31_8b,summeval,con,0,5,0.471787,0.449852
llama31_8b,summeval,con,5,10,0.440844,0.418231
llama31_8b,summeval,con,20,25,0.499419,0.476546
llama31_8b,summeval,con,-0.1,0.1,0.536663,0.513567
llama31_8b,summeval,con,-0.5,0.5,0.540138,0.519563
llama31_8b,summeval,con,-1,1,0.442775,0.407233
llama31_8b,summeval,con,-2,2,0.395402,0.361589
llama31_8b,summeval,con,-3,3,0.537141,0.515030
llama31_8b,summeval,con,-4,4,0.517644,0.489521
llama31_8b,summeval,con,-5,5,0.523647,0.502212
llama31_8b,summeval,con,-1,3,0.370907,0.352142
llama31_8b,summeval,con,0,1000,0.507744,0.484588
llama31_8b,summeval,flu,0,1,0.244308,0.218011
llama31_8b,summeval,flu,1,3,0.151418,0.137819
llama31_8b,summeval,flu,1,5,0.201231,0.179909
llama31_8b,summeval,flu,1,10,0.193544,0.172951
llama31_8b,summeval,flu,0,10,0.219981,0.195543
llama31_8b,summeval,flu,0,100,0.266004,0.238267
llama31_8b,summeval,flu,0,0.5,0.232101,0.214179
llama31_8b,summeval,flu,0,2,0.115933,0.101999
llama31_8b,summeval,flu,0,5,0.139157,0.121721
llama31_8b,summeval,flu,5,10,0.168238,0.153999
llama31_8b,summeval,flu,20,25,0.050487,0.043996
llama31_8b,summeval,flu,-0.1,0.1,0.081173,0.069263
llama31_8b,summeval,flu,-0.5,0.5,0.105451,0.091023
llama31_8b,summeval,flu,-1,1,0.212574,0.189038
llama31_8b,summeval,flu,-2,2,0.219211,0.199053
llama31_8b,summeval,flu,-3,3,0.236931,0.213237
llama31_8b,summeval,flu,-4,4,0.228444,0.204417
llama31_8b,summeval,flu,-5,5,0.220219,0.197498
llama31_8b,summeval,flu,-1,3,0.206003,0.185357
llama31_8b,summeval,flu,0,1000,0.252973,0.218906
llama31_8b,summeval,rel,0,1,0.395670,0.344057
llama31_8b,summeval,rel,1,3,0.307162,0.271529
llama31_8b,summeval,rel,1,5,0.324820,0.287200
llama31_8b,summeval,rel,1,10,0.340227,0.295952
llama31_8b,summeval,rel,0,10,0.341066,0.295910
llama31_8b,summeval,rel,0,100,0.340567,0.292732
llama31_8b,summeval,rel,0,0.5,0.333929,0.292829
llama31_8b,summeval,rel,0,2,0.314174,0.268332
llama31_8b,summeval,rel,0,5,0.285986,0.249197
llama31_8b,summeval,rel,5,10,0.275944,0.240687
llama31_8b,summeval,rel,20,25,0.277335,0.241132
llama31_8b,summeval,rel,-0.1,0.1,0.303493,0.261899
llama31_8b,summeval,rel,-0.5,0.5,0.316704,0.272382
llama31_8b,summeval,rel,-1,1,0.356816,0.310559
llama31_8b,summeval,rel,-2,2,0.331127,0.286808
llama31_8b,summeval,rel,-3,3,0.330704,0.286165
llama31_8b,summeval,rel,-4,4,0.360443,0.311491
llama31_8b,summeval,rel,-5,5,0.360129,0.313554
llama31_8b,summeval,rel,-1,3,0.264675,0.233710
llama31_8b,summeval,rel,0,1000,0.326482,0.275517
llama31_8b,newsroom,coh,0,1,0.414887,0.366743
llama31_8b,newsroom,coh,1,3,0.391787,0.350003
llama31_8b,newsroom,coh,1,5,0.399309,0.362047
llama31_8b,newsroom,coh,1,10,0.382728,0.336152
llama31_8b,newsroom,coh,0,10,0.399081,0.354361
llama31_8b,newsroom,coh,0,100,0.434806,0.386465
llama31_8b,newsroom,coh,0,0.5,0.360163,0.318214
llama31_8b,newsroom,coh,0,2,0.424920,0.375563
llama31_8b,newsroom,coh,0,5,0.460697,0.409082
llama31_8b,newsroom,coh,5,10,0.396607,0.356659
llama31_8b,newsroom,coh,20,25,0.327091,0.289247
llama31_8b,newsroom,coh,-0.1,0.1,0.273957,0.249077
llama31_8b,newsroom,coh,-0.5,0.5,0.316562,0.285458
llama31_8b,newsroom,coh,-1,1,0.345397,0.296850
llama31_8b,newsroom,coh,-2,2,0.375496,0.326558
llama31_8b,newsroom,coh,-3,3,0.348922,0.310063
llama31_8b,newsroom,coh,-4,4,0.366189,0.314729
llama31_8b,newsroom,coh,-5,5,0.338717,0.304385
llama31_8b,newsroom,coh,-1,3,0.395846,0.353278
llama31_8b,newsroom,coh,0,1000,0.406182,0.362029
llama31_8b,newsroom,flu,0,1,0.433119,0.374770
llama31_8b,newsroom,flu,1,3,0.360604,0.326804
llama31_8b,newsroom,flu,1,5,0.396491,0.362878
llama31_8b,newsroom,flu,1,10,0.392365,0.351036
llama31_8b,newsroom,flu,0,10,0.405178,0.369107
llama31_8b,newsroom,flu,0,100,0.349056,0.314414
llama31_8b,newsroom,flu,0,0.5,0.486649,0.432221
llama31_8b,newsroom,flu,0,2,0.258193,0.231808
llama31_8b,newsroom,flu,0,5,0.279386,0.258289
llama31_8b,newsroom,flu,5,10,0.339923,0.305325
llama31_8b,newsroom,flu,20,25,-0.022997,-0.012268
llama31_8b,newsroom,flu,-0.1,0.1,0.169850,0.148811
llama31_8b,newsroom,flu,-0.5,0.5,0.126180,0.112015
llama31_8b,newsroom,flu,-1,1,0.392251,0.340815
llama31_8b,newsroom,flu,-2,2,0.394048,0.351957
llama31_8b,newsroom,flu,-3,3,0.381702,0.345021
llama31_8b,newsroom,flu,-4,4,0.331291,0.300579
llama31_8b,newsroom,flu,-5,5,0.372842,0.336974
llama31_8b,newsroom,flu,-1,3,0.263111,0.238922
llama31_8b,newsroom,flu,0,1000,0.455912,0.416381
llama31_8b,newsroom,inf,0,1,0.386978,0.335307
llama31_8b,newsroom,inf,1,3,0.413541,0.368868
llama31_8b,newsroom,inf,1,5,0.274959,0.240822
llama31_8b,newsroom,inf,1,10,0.294254,0.247723
llama31_8b,newsroom,inf,0,10,0.299843,0.252315
llama31_8b,newsroom,inf,0,100,0.345951,0.300005
llama31_8b,newsroom,inf,0,0.5,0.199567,0.172461
llama31_8b,newsroom,inf,0,2,0.404194,0.352529
llama31_8b,newsroom,inf,0,5,0.346287,0.305755
llama31_8b,newsroom,inf,5,10,0.348520,0.306918
llama31_8b,newsroom,inf,20,25,0.189997,0.167825
llama31_8b,newsroom,inf,-0.1,0.1,0.193916,0.169674
llama31_8b,newsroom,inf,-0.5,0.5,0.243476,0.214075
llama31_8b,newsroom,inf,-1,1,0.259482,0.218108
llama31_8b,newsroom,inf,-2,2,0.236226,0.200140
llama31_8b,newsroom,inf,-3,3,0.208071,0.177169
llama31_8b,newsroom,inf,-4,4,0.267170,0.224620
llama31_8b,newsroom,inf,-5,5,0.244946,0.217954
llama31_8b,newsroom,inf,-1,3,0.339320,0.300770
llama31_8b,newsroom,inf,0,1000,0.330654,0.295119
llama31_8b,newsroom,rel,0,1,0.304727,0.258589
llama31_8b,newsroom,rel,1,3,0.406956,0.369521
llama31_8b,newsroom,rel,1,5,0.332916,0.301834
llama31_8b,newsroom,rel,1,10,0.284578,0.240654
llama31_8b,newsroom,rel,0,10,0.265338,0.223653
llama31_8b,newsroom,rel,0,100,0.376089,0.326790
llama31_8b,newsroom,rel,0,0.5,0.228153,0.202934
llama31_8b,newsroom,rel,0,2,0.337516,0.284627
llama31_8b,newsroom,rel,0,5,0.399752,0.349830
llama31_8b,newsroom,rel,5,10,0.279984,0.242543
llama31_8b,newsroom,rel,20,25,0.215112,0.182523
llama31_8b,newsroom,rel,-0.1,0.1,0.187642,0.154233
llama31_8b,newsroom,rel,-0.5,0.5,0.247047,0.211485
llama31_8b,newsroom,rel,-1,1,0.231305,0.197605
llama31_8b,newsroom,rel,-2,2,0.317153,0.278447
llama31_8b,newsroom,rel,-3,3,0.255736,0.225196
llama31_8b,newsroom,rel,-4,4,0.268180,0.236397
llama31_8b,newsroom,rel,-5,5,0.297156,0.261243
llama31_8b,newsroom,rel,-1,3,0.408436,0.366313
llama31_8b,newsroom,rel,0,1000,0.335872,0.298799
llama31_8b,tc,coh,0,1,0.477148,0.426717
llama31_8b,tc,coh,1,3,0.367956,0.348714
llama31_8b,tc,coh,1,5,0.400687,0.369800
llama31_8b,tc,coh,1,10,0.402442,0.381314
llama31_8b,tc,coh,0,10,0.378286,0.342740
llama31_8b,tc,coh,0,100,0.424836,0.413899
llama31_8b,tc,coh,0,0.5,0.336925,0.307565
llama31_8b,tc,coh,0,2,0.350647,0.316228
llama31_8b,tc,coh,0,5,0.425849,0.387540
llama31_8b,tc,coh,5,10,0.551462,0.522007
llama31_8b,tc,coh,20,25,0.297808,0.281399
llama31_8b,tc,coh,-0.1,0.1,0.000000,0.000000
llama31_8b,tc,coh,-0.5,0.5,-0.095514,-0.117417
llama31_8b,tc,coh,-1,1,0.250000,0.250000
llama31_8b,tc,coh,-2,2,0.000000,0.000000
llama31_8b,tc,coh,-3,3,1.000000,1.000000
llama31_8b,tc,coh,-4,4,0.750000,0.750000
llama31_8b,tc,coh,-5,5,0.000000,0.000000
llama31_8b,tc,coh,-1,3,0.583333,0.583333
llama31_8b,tc,coh,0,1000,0.866025,0.816497
llama31_8b,tc,eng,0,1,0.463889,0.413305
llama31_8b,tc,eng,1,3,0.500090,0.456169
llama31_8b,tc,eng,1,5,0.496354,0.441064
llama31_8b,tc,eng,1,10,0.511660,0.449247
llama31_8b,tc,eng,0,10,0.591890,0.524866
llama31_8b,tc,eng,0,100,0.507416,0.471020
llama31_8b,tc,eng,0,0.5,0.548486,0.496190
llama31_8b,tc,eng,0,2,0.499079,0.436413
llama31_8b,tc,eng,0,5,0.556034,0.484311
llama31_8b,tc,eng,5,10,0.482438,0.427507
llama31_8b,tc,eng,20,25,0.411808,0.377905
llama31_8b,tc,eng,-0.1,0.1,0.336381,0.312870
llama31_8b,tc,eng,-0.5,0.5,0.415237,0.379837
llama31_8b,tc,eng,-1,1,0.549010,0.499243
llama31_8b,tc,eng,-2,2,0.493461,0.457435
llama31_8b,tc,eng,-3,3,0.501102,0.459205
llama31_8b,tc,eng,-4,4,0.509595,0.475237
llama31_8b,tc,eng,-5,5,0.223537,0.211027
llama31_8b,tc,eng,-1,3,0.600268,0.545188
llama31_8b,tc,eng,0,1000,0.966506,0.954124
llama31_8b,tc,gro,0,1,0.556241,0.525591
llama31_8b,tc,gro,1,3,0.476283,0.459896
llama31_8b,tc,gro,1,5,0.451720,0.428654
llama31_8b,tc,gro,1,10,0.485092,0.462407
llama31_8b,tc,gro,0,10,0.530659,0.502775
llama31_8b,tc,gro,0,100,0.610468,0.587041
llama31_8b,tc,gro,0,0.5,0.566142,0.535450
llama31_8b,tc,gro,0,2,0.560469,0.530563
llama31_8b,tc,gro,0,5,0.528907,0.497620
llama31_8b,tc,gro,5,10,0.553643,0.533412
llama31_8b,tc,gro,20,25,0.606859,0.576489
llama31_8b,tc,gro,-0.1,0.1,0.490534,0.480700
llama31_8b,tc,gro,-0.5,0.5,0.558307,0.532742
llama31_8b,tc,gro,-1,1,0.543014,0.527516
llama31_8b,tc,gro,-2,2,0.571757,0.548953
llama31_8b,tc,gro,-3,3,0.604156,0.585241
llama31_8b,tc,gro,-4,4,0.554942,0.532144
llama31_8b,tc,gro,-5,5,0.535806,0.529905
llama31_8b,tc,gro,-1,3,0.501244,0.492114
llama31_8b,tc,gro,0,1000,0.668115,0.655259
llama31_8b,tc,nat,0,1,0.543641,0.500873
llama31_8b,tc,nat,1,3,0.345131,0.317462
llama31_8b,tc,nat,1,5,0.455005,0.407202
llama31_8b,tc,nat,1,10,0.430247,0.371918
llama31_8b,tc,nat,0,10,0.480830,0.414431
llama31_8b,tc,nat,0,100,0.738747,0.692743
llama31_8b,tc,nat,0,0.5,0.579598,0.521496
llama31_8b,tc,nat,0,2,0.542480,0.495519
llama31_8b,tc,nat,0,5,0.630416,0.565198
llama31_8b,tc,nat,5,10,0.539851,0.480668
llama31_8b,tc,nat,20,25,0.503874,0.456486
llama31_8b,tc,nat,-0.1,0.1,0.415005,0.399243
llama31_8b,tc,nat,-0.5,0.5,0.643385,0.625988
llama31_8b,tc,nat,-1,1,0.624651,0.592903
llama31_8b,tc,nat,-2,2,0.842397,0.822613
llama31_8b,tc,nat,-3,3,0.441103,0.421034
llama31_8b,tc,nat,-4,4,0.898536,0.881832
llama31_8b,tc,nat,-5,5,1.000000,1.000000
llama31_8b,tc,nat,-1,3,0.674494,0.625775
llama31_8b,tc,nat,0,1000,1.000000,1.000000
llama31_8b,wp_a,coh,0,1,0.361348,0.287050
llama31_8b,wp_a,coh,1,3,0.322982,0.270568
llama31_8b,wp_a,coh,1,5,0.321719,0.268362
llama31_8b,wp_a,coh,1,10,0.341519,0.274349
llama31_8b,wp_a,coh,0,10,0.337532,0.264177
llama31_8b,wp_a,coh,0,100,0.346354,0.267655
llama31_8b,wp_a,coh,0,0.5,0.357077,0.285549
llama31_8b,wp_a,coh,0,2,0.323855,0.253629
llama31_8b,wp_a,coh,0,5,0.362463,0.284756
llama31_8b,wp_a,coh,5,10,0.332579,0.268558
llama31_8b,wp_a,coh,20,25,0.332605,0.265129
llama31_8b,wp_a,coh,-0.1,0.1,0.357602,0.279983
llama31_8b,wp_a,coh,-0.5,0.5,0.328435,0.260232
llama31_8b,wp_a,coh,-1,1,0.347101,0.271418
llama31_8b,wp_a,coh,-2,2,0.360782,0.278593
llama31_8b,wp_a,coh,-3,3,0.338301,0.265571
llama31_8b,wp_a,coh,-4,4,0.330834,0.255779
llama31_8b,wp_a,coh,-5,5,0.344498,0.273133
llama31_8b,wp_a,coh,-1,3,0.348765,0.276997
llama31_8b,wp_a,coh,0,1000,0.350722,0.266785
llama31_8b,wp_a,enj,0,1,0.122640,0.099126
llama31_8b,wp_a,enj,1,3,0.134911,0.111663
llama31_8b,wp_a,enj,1,5,0.169615,0.139158
llama31_8b,wp_a,enj,1,10,0.209472,0.166094
llama31_8b,wp_a,enj,0,10,0.176566,0.134299
llama31_8b,wp_a,enj,0,100,0.178649,0.134181
llama31_8b,wp_a,enj,0,0.5,0.176618,0.142030
llama31_8b,wp_a,enj,0,2,0.137914,0.108003
llama31_8b,wp_a,enj,0,5,0.101376,0.076841
llama31_8b,wp_a,enj,5,10,0.152428,0.119562
llama31_8b,wp_a,enj,20,25,0.097599,0.077231
llama31_8b,wp_a,enj,-0.1,0.1,0.201932,0.155865
llama31_8b,wp_a,enj,-0.5,0.5,0.192776,0.147908
llama31_8b,wp_a,enj,-1,1,0.128409,0.100254
llama31_8b,wp_a,enj,-2,2,0.186442,0.145651
llama31_8b,wp_a,enj,-3,3,0.197648,0.154926
llama31_8b,wp_a,enj,-4,4,0.230396,0.176767
llama31_8b,wp_a,enj,-5,5,0.190508,0.149254
llama31_8b,wp_a,enj,-1,3,0.131824,0.104687
llama31_8b,wp_a,enj,0,1000,0.160629,0.118469
llama31_8b,wp_a,gra,0,1,0.381256,0.304544
llama31_8b,wp_a,gra,1,3,0.199963,0.166186
llama31_8b,wp_a,gra,1,5,0.347457,0.285078
llama31_8b,wp_a,gra,1,10,0.292860,0.230369
llama31_8b,wp_a,gra,0,10,0.314326,0.242149
llama31_8b,wp_a,gra,0,100,0.355892,0.269732
llama31_8b,wp_a,gra,0,0.5,0.390902,0.319240
llama31_8b,wp_a,gra,0,2,0.203882,0.156156
llama31_8b,wp_a,gra,0,5,0.231408,0.179765
llama31_8b,wp_a,gra,5,10,0.290862,0.229676
llama31_8b,wp_a,gra,20,25,0.364243,0.286151
llama31_8b,wp_a,gra,-0.1,0.1,0.177862,0.140238
llama31_8b,wp_a,gra,-0.5,0.5,0.224010,0.175027
llama31_8b,wp_a,gra,-1,1,0.354840,0.281990
llama31_8b,wp_a,gra,-2,2,0.026494,0.021635
llama31_8b,wp_a,gra,-3,3,0.297243,0.230124
llama31_8b,wp_a,gra,-4,4,0.282591,0.222416
llama31_8b,wp_a,gra,-5,5,0.376602,0.294338
llama31_8b,wp_a,gra,-1,3,0.302339,0.241086
llama31_8b,wp_a,gra,0,1000,0.332981,0.268151
llama31_8b,wp_a,rel,0,1,0.422431,0.338870
llama31_8b,wp_a,rel,1,3,0.434227,0.355747
llama31_8b,wp_a,rel,1,5,0.389365,0.317504
llama31_8b,wp_a,rel,1,10,0.433014,0.333237
llama31_8b,wp_a,rel,0,10,0.445079,0.345751
llama31_8b,wp_a,rel,0,100,0.489152,0.372788
llama31_8b,wp_a,rel,0,0.5,0.474400,0.380285
llama31_8b,wp_a,rel,0,2,0.435386,0.336005
llama31_8b,wp_a,rel,0,5,0.465028,0.367098
llama31_8b,wp_a,rel,5,10,0.433501,0.341708
llama31_8b,wp_a,rel,20,25,0.386165,0.296383
llama31_8b,wp_a,rel,-0.1,0.1,0.370415,0.280223
llama31_8b,wp_a,rel,-0.5,0.5,0.363384,0.282110
llama31_8b,wp_a,rel,-1,1,0.421920,0.330768
llama31_8b,wp_a,rel,-2,2,0.387210,0.296277
llama31_8b,wp_a,rel,-3,3,0.393452,0.310928
llama31_8b,wp_a,rel,-4,4,0.342680,0.269134
llama31_8b,wp_a,rel,-5,5,0.429550,0.336810
llama31_8b,wp_a,rel,-1,3,0.432011,0.342364
llama31_8b,wp_a,rel,0,1000,0.406226,0.319200
mistral_7b,summeval,coh,0,1,0.375760,0.310221
mistral_7b,summeval,coh,1,3,0.402421,0.339335
mistral_7b,summeval,coh,1,5,0.424670,0.356110
mistral_7b,summeval,coh,1,10,0.433780,0.357208
mistral_7b,summeval,coh,0,10,0.427931,0.351924
mistral_7b,summeval,coh,0,100,0.424349,0.352846
mistral_7b,summeval,coh,0,0.5,0.403640,0.335345
mistral_7b,summeval,coh,0,2,0.418623,0.351006
mistral_7b,summeval,coh,0,5,0.422261,0.352398
mistral_7b,summeval,coh,5,10,0.434829,0.361082
mistral_7b,summeval,coh,20,25,0.411270,0.345832
mistral_7b,summeval,coh,-0.1,0.1,0.353284,0.298059
mistral_7b,summeval,coh,-0.5,0.5,0.429139,0.360362
mistral_7b,summeval,coh,-1,1,0.399463,0.334443
mistral_7b,summeval,coh,-2,2,0.432206,0.364046
mistral_7b,summeval,coh,-3,3,0.430376,0.360199
mistral_7b,summeval,coh,-4,4,0.437373,0.366579
mistral_7b,summeval,coh,-5,5,0.442843,0.369879
mistral_7b,summeval,coh,-1,3,0.417464,0.353175
mistral_7b,summeval,coh,0,1000,0.436670,0.362194
mistral_7b,summeval,con,0,1,0.451595,0.422132
mistral_7b,summeval,con,1,3,0.454100,0.427801
mistral_7b,summeval,con,1,5,0.474554,0.444191
mistral_7b,summeval,con,1,10,0.440779,0.406510
mistral_7b,summeval,con,0,10,0.450285,0.413540
mistral_7b,summeval,con,0,100,0.452166,0.418552
mistral_7b,summeval,con,0,0.5,0.470284,0.441854
mistral_7b,summeval,con,0,2,0.476992,0.452885
mistral_7b,summeval,con,0,5,0.464430,0.436488
mistral_7b,summeval,con,5,10,0.461214,0.425130
mistral_7b,summeval,con,20,25,0.424436,0.394820
mistral_7b,summeval,con,-0.1,0.1,0.384917,0.363454
mistral_7b,summeval,con,-0.5,0.5,0.550277,0.528807
mistral_7b,summeval,con,-1,1,0.496792,0.464135
mistral_7b,summeval,con,-2,2,0.431239,0.404803
mistral_7b,summeval,con,-3,3,0.468399,0.437648
mistral_7b,summeval,con,-4,4,0.466459,0.438228
mistral_7b,summeval,con,-5,5,0.445246,0.413811
mistral_7b,summeval,con,-1,3,0.504456,0.481739
mistral_7b,summeval,con,0,1000,0.433254,0.405573
mistral_7b,summeval,flu,0,1,0.399419,0.371965
mistral_7b,summeval,flu,1,3,0.383500,0.353029
mistral_7b,summeval,flu,1,5,0.362387,0.333123
mistral_7b,summeval,flu,1,10,0.389495,0.350449
mistral_7b,summeval,flu,0,10,0.378339,0.337606
mistral_7b,summeval,flu,0,100,0.388116,0.352110
mistral_7b,summeval,flu,0,0.5,0.353673,0.334697
mistral_7b,summeval,flu,0,2,0.395599,0.368042
mistral_7b,summeval,flu,0,5,0.367806,0.337881
mistral_7b,summeval,flu,5,10,0.382832,0.342558
mistral_7b,summeval,flu,20,25,0.367456,0.337903
mistral_7b,summeval,flu,-0.1,0.1,0.359804,0.337130
mistral_7b,summeval,flu,-0.5,0.5,0.360499,0.328275
mistral_7b,summeval,flu,-1,1,0.359514,0.323048
mistral_7b,summeval,flu,-2,2,0.366552,0.334701
mistral_7b,summeval,flu,-3,3,0.349719,0.322359
mistral_7b,summeval,flu,-4,4,0.361979,0.326476
mistral_7b,summeval,flu,-5,5,0.352766,0.319102
mistral_7b,summeval,flu,-1,3,0.381415,0.351602
mistral_7b,summeval,flu,0,1000,0.395912,0.359107
mistral_7b,summeval,rel,0,1,0.386493,0.326566
mistral_7b,summeval,rel,1,3,0.423479,0.365472
mistral_7b,summeval,rel,1,5,0.406446,0.342703
mistral_7b,summeval,rel,1,10,0.416924,0.349172
mistral_7b,summeval,rel,0,10,0.424531,0.354231
mistral_7b,summeval,rel,0,100,0.406156,0.340543
mistral_7b,summeval,rel,0,0.5,0.334060,0.288336
mistral_7b,summeval,rel,0,2,0.406053,0.350535
mistral_7b,summeval,rel,0,5,0.390235,0.330694
mistral_7b,summeval,rel,5,10,0.417730,0.349937
mistral_7b,summeval,rel,20,25,0.376544,0.320810
mistral_7b,summeval,rel,-0.1,0.1,0.170356,0.144404
mistral_7b,summeval,rel,-0.5,0.5,0.395570,0.343148
mistral_7b,summeval,rel,-1,1,0.410084,0.352289
mistral_7b,summeval,rel,-2,2,0.416512,0.357151
mistral_7b,summeval,rel,-3,3,0.409934,0.354525
mistral_7b,summeval,rel,-4,4,0.415337,0.358612
mistral_7b,summeval,rel,-5,5,0.408368,0.345707
mistral_7b,summeval,rel,-1,3,0.424343,0.369962
mistral_7b,summeval,rel,0,1000,0.423197,0.355325
mistral_7b,newsroom,coh,0,1,0.544202,0.479669
mistral_7b,newsroom,coh,1,3,0.518173,0.457071
mistral_7b,newsroom,coh,1,5,0.538728,0.468772
mistral_7b,newsroom,coh,1,10,0.554177,0.480477
mistral_7b,newsroom,coh,0,10,0.571583,0.496959
mistral_7b,newsroom,coh,0,100,0.550652,0.480992
mistral_7b,newsroom,coh,0,0.5,0.539505,0.476413
mistral_7b,newsroom,coh,0,2,0.552424,0.486533
mistral_7b,newsroom,coh,0,5,0.552470,0.482261
mistral_7b,newsroom,coh,5,10,0.550585,0.477376
mistral_7b,newsroom,coh,20,25,0.530462,0.462830
mistral_7b,newsroom,coh,-0.1,0.1,0.505417,0.444338
mistral_7b,newsroom,coh,-0.5,0.5,0.535641,0.471593
mistral_7b,newsroom,coh,-1,1,0.534813,0.470143
mistral_7b,newsroom,coh,-2,2,0.535406,0.467063
mistral_7b,newsroom,coh,-3,3,0.546593,0.479392
mistral_7b,newsroom,coh,-4,4,0.545990,0.479424
mistral_7b,newsroom,coh,-5,5,0.543052,0.468299
mistral_7b,newsroom,coh,-1,3,0.534169,0.469366
mistral_7b,newsroom,coh,0,1000,0.542997,0.477516
mistral_7b,newsroom,flu,0,1,0.530827,0.458724
mistral_7b,newsroom,flu,1,3,0.551963,0.480217
mistral_7b,newsroom,flu,1,5,0.550860,0.477289
mistral_7b,newsroom,flu,1,10,0.541028,0.467136
mistral_7b,newsroom,flu,0,10,0.556200,0.477739
mistral_7b,newsroom,flu,0,100,0.537551,0.465616
mistral_7b,newsroom,flu,0,0.5,0.504214,0.447449
mistral_7b,newsroom,flu,0,2,0.559931,0.490638
mistral_7b,newsroom,flu,0,5,0.556568,0.484805
mistral_7b,newsroom,flu,5,10,0.549970,0.470337
mistral_7b,newsroom,flu,20,25,0.563817,0.488353
mistral_7b,newsroom,flu,-0.1,0.1,0.483290,0.424826
mistral_7b,newsroom,flu,-0.5,0.5,0.461315,0.402199
mistral_7b,newsroom,flu,-1,1,0.440923,0.371255
mistral_7b,newsroom,flu,-2,2,0.403885,0.354176
mistral_7b,newsroom,flu,-3,3,0.492441,0.428247
mistral_7b,newsroom,flu,-4,4,0.444915,0.379031
mistral_7b,newsroom,flu,-5,5,0.396130,0.348894
mistral_7b,newsroom,flu,-1,3,0.521621,0.440137
mistral_7b,newsroom,flu,0,1000,0.550342,0.467481
mistral_7b,newsroom,inf,0,1,0.629332,0.550535
mistral_7b,newsroom,inf,1,3,0.612434,0.530359
mistral_7b,newsroom,inf,1,5,0.607988,0.524409
mistral_7b,newsroom,inf,1,10,0.604543,0.518828
mistral_7b,newsroom,inf,0,10,0.609221,0.522940
mistral_7b,newsroom,inf,0,100,0.610816,0.523618
mistral_7b,newsroom,inf,0,0.5,0.583815,0.504937
mistral_7b,newsroom,inf,0,2,0.644645,0.563258
mistral_7b,newsroom,inf,0,5,0.615116,0.527219
mistral_7b,newsroom,inf,5,10,0.607784,0.524272
mistral_7b,newsroom,inf,20,25,0.591514,0.505562
mistral_7b,newsroom,inf,-0.1,0.1,0.539576,0.469583
mistral_7b,newsroom,inf,-0.5,0.5,0.556425,0.486306
mistral_7b,newsroom,inf,-1,1,0.606362,0.526782
mistral_7b,newsroom,inf,-2,2,0.604246,0.527860
mistral_7b,newsroom,inf,-3,3,0.572242,0.491398
mistral_7b,newsroom,inf,-4,4,0.612463,0.528263
mistral_7b,newsroom,inf,-5,5,0.609859,0.527020
mistral_7b,newsroom,inf,-1,3,0.579562,0.507261
mistral_7b,newsroom,inf,0,1000,0.631385,0.549570
mistral_7b,newsroom,rel,0,1,0.550609,0.476176
mistral_7b,newsroom,rel,1,3,0.542210,0.480797
mistral_7b,newsroom,rel,1,5,0.544116,0.474811
mistral_7b,newsroom,rel,1,10,0.560948,0.484242
mistral_7b,newsroom,rel,0,10,0.582009,0.501752
mistral_7b,newsroom,rel,0,100,0.601066,0.518811
mistral_7b,newsroom,rel,0,0.5,0.555281,0.481558
mistral_7b,newsroom,rel,0,2,0.554069,0.489370
mistral_7b,newsroom,rel,0,5,0.575827,0.501361
mistral_7b,newsroom,rel,5,10,0.570744,0.491919
mistral_7b,newsroom,rel,20,25,0.501207,0.439312
mistral_7b,newsroom,rel,-0.1,0.1,0.520244,0.456883
mistral_7b,newsroom,rel,-0.5,0.5,0.558510,0.492049
mistral_7b,newsroom,rel,-1,1,0.539468,0.461974
mistral_7b,newsroom,rel,-2,2,0.543813,0.475193
mistral_7b,newsroom,rel,-3,3,0.542708,0.472880
mistral_7b,newsroom,rel,-4,4,0.563559,0.493328
mistral_7b,newsroom,rel,-5,5,0.543279,0.469828
mistral_7b,newsroom,rel,-1,3,0.563968,0.496716
mistral_7b,newsroom,rel,0,1000,0.544880,0.471064
mistral_7b,tc,coh,0,1,0.479499,0.418230
mistral_7b,tc,coh,1,3,0.498926,0.446275
mistral_7b,tc,coh,1,5,0.511402,0.450155
mistral_7b,tc,coh,1,10,0.497130,0.434536
mistral_7b,tc,coh,0,10,0.510120,0.445098
mistral_7b,tc,coh,0,100,0.486429,0.421306
mistral_7b,tc,coh,0,0.5,0.460906,0.397810
mistral_7b,tc,coh,0,2,0.512612,0.457930
mistral_7b,tc,coh,0,5,0.503404,0.446913
mistral_7b,tc,coh,5,10,0.498157,0.435951
mistral_7b,tc,coh,20,25,0.496408,0.441974
mistral_7b,tc,coh,-0.1,0.1,0.511325,0.461545
mistral_7b,tc,coh,-0.5,0.5,0.483031,0.436919
mistral_7b,tc,coh,-1,1,0.477362,0.423892
mistral_7b,tc,coh,-2,2,0.473068,0.414364
mistral_7b,tc,coh,-3,3,0.508834,0.449217
mistral_7b,tc,coh,-4,4,0.512202,0.452178
mistral_7b,tc,coh,-5,5,0.485000,0.424577
mistral_7b,tc,coh,-1,3,0.498861,0.442566
mistral_7b,tc,coh,0,1000,0.481498,0.422954
mistral_7b,tc,eng,0,1,0.643871,0.555630
mistral_7b,tc,eng,1,3,0.639678,0.565385
mistral_7b,tc,eng,1,5,0.661021,0.581898
mistral_7b,tc,eng,1,10,0.676555,0.592116
mistral_7b,tc,eng,0,10,0.685842,0.601572
mistral_7b,tc,eng,0,100,0.655627,0.569142
mistral_7b,tc,eng,0,0.5,0.630204,0.552789
mistral_7b,tc,eng,0,2,0.664757,0.586156
mistral_7b,tc,eng,0,5,0.640219,0.560757
mistral_7b,tc,eng,5,10,0.676376,0.588445
mistral_7b,tc,eng,20,25,0.686413,0.614234
mistral_7b,tc,eng,-0.1,0.1,0.631356,0.571478
mistral_7b,tc,eng,-0.5,0.5,0.682791,0.600824
mistral_7b,tc,eng,-1,1,0.613530,0.540969
mistral_7b,tc,eng,-2,2,0.636339,0.558367
mistral_7b,tc,eng,-3,3,0.637171,0.565459
mistral_7b,tc,eng,-4,4,0.662962,0.590499
mistral_7b,tc,eng,-5,5,0.681389,0.599845
mistral_7b,tc,eng,-1,3,0.660301,0.589563
mistral_7b,tc,eng,0,1000,0.652402,0.564978
mistral_7b,tc,gro,0,1,0.620546,0.586278
mistral_7b,tc,gro,1,3,0.630469,0.600464
mistral_7b,tc,gro,1,5,0.575787,0.538595
mistral_7b,tc,gro,1,10,0.634441,0.585173
mistral_7b,tc,gro,0,10,0.599205,0.544477
mistral_7b,tc,gro,0,100,0.594906,0.549830
mistral_7b,tc,gro,0,0.5,0.573626,0.545601
mistral_7b,tc,gro,0,2,0.605449,0.569859
mistral_7b,tc,gro,0,5,0.599682,0.547498
mistral_7b,tc,gro,5,10,0.597332,0.550460
mistral_7b,tc,gro,20,25,0.546715,0.507780
mistral_7b,tc,gro,-0.1,0.1,0.608170,0.563827
mistral_7b,tc,gro,-0.5,0.5,0.614691,0.566052
mistral_7b,tc,gro,-1,1,0.564919,0.531066
mistral_7b,tc,gro,-2,2,0.636002,0.586646
mistral_7b,tc,gro,-3,3,0.630327,0.578328
mistral_7b,tc,gro,-4,4,0.613438,0.551077
mistral_7b,tc,gro,-5,5,0.578417,0.522983
mistral_7b,tc,gro,-1,3,0.577012,0.535358
mistral_7b,tc,gro,0,1000,0.586257,0.547443
mistral_7b,tc,nat,0,1,0.186805,0.173577
mistral_7b,tc,nat,1,3,0.456917,0.402484
mistral_7b,tc,nat,1,5,0.477642,0.415384
mistral_7b,tc,nat,1,10,0.489749,0.422292
mistral_7b,tc,nat,0,10,0.489047,0.415240
mistral_7b,tc,nat,0,100,0.495770,0.431717
mistral_7b,tc,nat,0,0.5,0.143137,0.117801
mistral_7b,tc,nat,0,2,0.477248,0.421412
mistral_7b,tc,nat,0,5,0.480922,0.417189
mistral_7b,tc,nat,5,10,0.481515,0.412853
mistral_7b,tc,nat,20,25,0.451524,0.394194
mistral_7b,tc,nat,-0.1,0.1,0.451750,0.402233
mistral_7b,tc,nat,-0.5,0.5,0.391208,0.340913
mistral_7b,tc,nat,-1,1,0.415852,0.370727
mistral_7b,tc,nat,-2,2,0.508341,0.444107
mistral_7b,tc,nat,-3,3,0.521407,0.456178
mistral_7b,tc,nat,-4,4,0.509229,0.441869
mistral_7b,tc,nat,-5,5,0.521382,0.449281
mistral_7b,tc,nat,-1,3,0.462448,0.405833
mistral_7b,tc,nat,0,1000,0.424234,0.360305
mistral_7b,wp_a,coh,0,1,0.375715,0.288809
mistral_7b,wp_a,coh,1,3,0.366201,0.290586
mistral_7b,wp_a,coh,1,5,0.368320,0.287623
mistral_7b,wp_a,coh,1,10,0.384259,0.292790
mistral_7b,wp_a,coh,0,10,0.376501,0.285899
mistral_7b,wp_a,coh,0,100,0.369862,0.279687
mistral_7b,wp_a,coh,0,0.5,0.333701,0.260201
mistral_7b,wp_a,coh,0,2,0.377633,0.298426
mistral_7b,wp_a,coh,0,5,0.376797,0.288122
mistral_7b,wp_a,coh,5,10,0.382261,0.292518
mistral_7b,wp_a,coh,20,25,0.375073,0.292561
mistral_7b,wp_a,coh,-0.1,0.1,0.359060,0.285094
mistral_7b,wp_a,coh,-0.5,0.5,0.358121,0.275753
mistral_7b,wp_a,coh,-1,1,0.385310,0.305865
mistral_7b,wp_a,coh,-2,2,0.353827,0.277777
mistral_7b,wp_a,coh,-3,3,0.369875,0.289155
mistral_7b,wp_a,coh,-4,4,0.382579,0.295521
mistral_7b,wp_a,coh,-5,5,0.369205,0.284847
mistral_7b,wp_a,coh,-1,3,0.366121,0.283448
mistral_7b,wp_a,coh,0,1000,0.367227,0.281543
mistral_7b,wp_a,enj,0,1,0.328089,0.246395
mistral_7b,wp_a,enj,1,3,0.278248,0.217703
mistral_7b,wp_a,enj,1,5,0.314916,0.243726
mistral_7b,wp_a,enj,1,10,0.357703,0.268662
mistral_7b,wp_a,enj,0,10,0.351286,0.265345
mistral_7b,wp_a,enj,0,100,0.350584,0.264550
mistral_7b,wp_a,enj,0,0.5,0.311269,0.240741
mistral_7b,wp_a,enj,0,2,0.289295,0.228859
mistral_7b,wp_a,enj,0,5,0.318372,0.243089
mistral_7b,wp_a,enj,5,10,0.330825,0.252488
mistral_7b,wp_a,enj,20,25,0.309202,0.242482
mistral_7b,wp_a,enj,-0.1,0.1,0.260061,0.208723
mistral_7b,wp_a,enj,-0.5,0.5,0.291908,0.220796
mistral_7b,wp_a,enj,-1,1,0.301035,0.228087
mistral_7b,wp_a,enj,-2,2,0.270057,0.211294
mistral_7b,wp_a,enj,-3,3,0.280179,0.214381
mistral_7b,wp_a,enj,-4,4,0.273593,0.211507
mistral_7b,wp_a,enj,-5,5,0.310418,0.231742
mistral_7b,wp_a,enj,-1,3,0.282942,0.219046
mistral_7b,wp_a,enj,0,1000,0.322567,0.241510
mistral_7b,wp_a,gra,0,1,0.288954,0.239364
mistral_7b,wp_a,gra,1,3,0.274149,0.216145
mistral_7b,wp_a,gra,1,5,0.322625,0.258940
mistral_7b,wp_a,gra,1,10,0.324178,0.252846
mistral_7b,wp_a,gra,0,10,0.330174,0.258303
mistral_7b,wp_a,gra,0,100,0.322078,0.254928
mistral_7b,wp_a,gra,0,0.5,0.264417,0.221205
mistral_7b,wp_a,gra,0,2,0.310768,0.256321
mistral_7b,wp_a,gra,0,5,0.300711,0.237388
mistral_7b,wp_a,gra,5,10,0.305907,0.237472
mistral_7b,wp_a,gra,20,25,0.310320,0.247402
mistral_7b,wp_a,gra,-0.1,0.1,0.174634,0.145316
mistral_7b,wp_a,gra,-0.5,0.5,0.293214,0.229536
mistral_7b,wp_a,gra,-1,1,0.337161,0.275419
mistral_7b,wp_a,gra,-2,2,0.266341,0.208924
mistral_7b,wp_a,gra,-3,3,0.308292,0.244065
mistral_7b,wp_a,gra,-4,4,0.289719,0.230595
mistral_7b,wp_a,gra,-5,5,0.304819,0.238768
mistral_7b,wp_a,gra,-1,3,0.327171,0.267066
mistral_7b,wp_a,gra,0,1000,0.315577,0.247067
mistral_7b,wp_a,rel,0,1,0.491181,0.390021
mistral_7b,wp_a,rel,1,3,0.440104,0.358691
mistral_7b,wp_a,rel,1,5,0.457292,0.368949
mistral_7b,wp_a,rel,1,10,0.481911,0.383239
mistral_7b,wp_a,rel,0,10,0.507951,0.398073
mistral_7b,wp_a,rel,0,100,0.505269,0.396653
mistral_7b,wp_a,rel,0,0.5,0.490908,0.388159
mistral_7b,wp_a,rel,0,2,0.476587,0.380640
mistral_7b,wp_a,rel,0,5,0.495190,0.390805
mistral_7b,wp_a,rel,5,10,0.512975,0.400488
mistral_7b,wp_a,rel,20,25,0.426606,0.337197
mistral_7b,wp_a,rel,-0.1,0.1,0.387507,0.321590
mistral_7b,wp_a,rel,-0.5,0.5,0.467336,0.373726
mistral_7b,wp_a,rel,-1,1,0.467922,0.373149
mistral_7b,wp_a,rel,-2,2,0.453145,0.356194
mistral_7b,wp_a,rel,-3,3,0.469832,0.362926
mistral_7b,wp_a,rel,-4,4,0.468226,0.369922
mistral_7b,wp_a,rel,-5,5,0.466731,0.370906
mistral_7b,wp_a,rel,-1,3,0.491751,0.391011
mistral_7b,wp_a,rel,0,1000,0.488834,0.382428
qwen3_4b,summeval,coh,0,1,0.478224,0.401248
qwen3_4b,summeval,coh,1,3,0.439762,0.378169
qwen3_4b,summeval,coh,1,5,0.454348,0.391913
qwen3_4b,summeval,coh,1,10,0.471696,0.396513
qwen3_4b,summeval,coh,0,10,0.473935,0.394693
qwen3_4b,summeval,coh,0,100,0.463327,0.393109
qwen3_4b,summeval,coh,0,0.5,0.465141,0.406236
qwen3_4b,summeval,coh,0,2,0.433586,0.374362
qwen3_4b,summeval,coh,0,5,0.445991,0.377316
qwen3_4b,summeval,coh,5,10,0.478175,0.402373
qwen3_4b,summeval,coh,20,25,0.468083,0.394866
qwen3_4b,summeval,coh,-0.1,0.1,0.404322,0.355059
qwen3_4b,summeval,coh,-0.5,0.5,0.373718,0.327458
qwen3_4b,summeval,coh,-1,1,0.449929,0.378989
qwen3_4b,summeval,coh,-2,2,0.407906,0.346306
qwen3_4b,summeval,coh,-3,3,0.478105,0.401631
qwen3_4b,summeval,coh,-4,4,0.476226,0.398589
qwen3_4b,summeval,coh,-5,5,0.480795,0.402238
qwen3_4b,summeval,coh,-1,3,0.449720,0.386609
qwen3_4b,summeval,coh,0,1000,0.375272,0.319496
qwen3_4b,summeval,con,0,1,0.643335,0.623037
qwen3_4b,summeval,con,1,3,0.607750,0.588373
qwen3_4b,summeval,con,1,5,0.616384,0.591077
qwen3_4b,summeval,con,1,10,0.498352,0.474513
qwen3_4b,summeval,con,0,10,0.548842,0.522659
qwen3_4b,summeval,con,0,100,0.464103,0.439460
qwen3_4b,summeval,con,0,0.5,0.590041,0.570702
qwen3_4b,summeval,con,0,2,0.611030,0.593154
qwen3_4b,summeval,con,0,5,0.642996,0.621358
qwen3_4b,summeval,con,5,10,0.629911,0.606890
qwen3_4b,summeval,con,20,25,0.559769,0.530721
qwen3_4b,summeval,con,-0.1,0.1,0.617907,0.601003
qwen3_4b,summeval,con,-0.5,0.5,0.595582,0.578983
qwen3_4b,summeval,con,-1,1,0.583435,0.563908
qwen3_4b,summeval,con,-2,2,0.501580,0.484051
qwen3_4b,summeval,con,-3,3,0.558907,0.539879
qwen3_4b,summeval,con,-4,4,0.574683,0.549472
qwen3_4b,summeval,con,-5,5,0.509266,0.478308
qwen3_4b,summeval,con,-1,3,0.614220,0.593841
qwen3_4b,summeval,con,0,1000,0.542973,0.523369
qwen3_4b,summeval,flu,0,1,0.366898,0.330800
qwen3_4b,summeval,flu,1,3,0.347762,0.331006
qwen3_4b,summeval,flu,1,5,0.227911,0.213216
qwen3_4b,summeval,flu,1,10,0.306254,0.284201
qwen3_4b,summeval,flu,0,10,0.267881,0.248904
qwen3_4b,summeval,flu,0,100,0.347355,0.321012
qwen3_4b,summeval,flu,0,0.5,0.322906,0.301355
qwen3_4b,summeval,flu,0,2,0.320103,0.305680
qwen3_4b,summeval,flu,0,5,0.254171,0.236648
qwen3_4b,summeval,flu,5,10,0.308467,0.281659
qwen3_4b,summeval,flu,20,25,0.324514,0.303910
qwen3_4b,summeval,flu,-0.1,0.1,0.384499,0.367519
qwen3_4b,summeval,flu,-0.5,0.5,0.252284,0.231631
qwen3_4b,summeval,flu,-1,1,0.370249,0.341719
qwen3_4b,summeval,flu,-2,2,0.279761,0.263925
qwen3_4b,summeval,flu,-3,3,0.374116,0.343938
qwen3_4b,summeval,flu,-4,4,0.360118,0.332238
qwen3_4b,summeval,flu,-5,5,0.345475,0.308504
qwen3_4b,summeval,flu,-1,3,0.349949,0.319162
qwen3_4b,summeval,flu,0,1000,0.268554,0.255246
qwen3_4b,summeval,rel,0,1,0.375228,0.326064
qwen3_4b,summeval,rel,1,3,0.353497,0.311295
qwen3_4b,summeval,rel,1,5,0.340575,0.298351
qwen3_4b,summeval,rel,1,10,0.389611,0.336323
qwen3_4b,summeval,rel,0,10,0.396126,0.341750
qwen3_4b,summeval,rel,0,100,0.365053,0.315735
qwen3_4b,summeval,rel,0,0.5,0.397931,0.352617
qwen3_4b,summeval,rel,0,2,0.349330,0.308988
qwen3_4b,summeval,rel,0,5,0.354521,0.310306
qwen3_4b,summeval,rel,5,10,0.372235,0.318195
qwen3_4b,summeval,rel,20,25,0.389220,0.335056
qwen3_4b,summeval,rel,-0.1,0.1,0.372276,0.330458
qwen3_4b,summeval,rel,-0.5,0.5,0.356916,0.316426
qwen3_4b,summeval,rel,-1,1,0.406240,0.341460
qwen3_4b,summeval,rel,-2,2,0.323178,0.270532
qwen3_4b,summeval,rel,-3,3,0.406312,0.344511
qwen3_4b,summeval,rel,-4,4,0.416699,0.353848
qwen3_4b,summeval,rel,-5,5,0.411030,0.347040
qwen3_4b,summeval,rel,-1,3,0.333640,0.292361
qwen3_4b,summeval,rel,0,1000,0.321171,0.283557
qwen3_4b,newsroom,coh,0,1,0.491719,0.431721
qwen3_4b,newsroom,coh,1,3,0.501377,0.441318
qwen3_4b,newsroom,coh,1,5,0.513750,0.453226
qwen3_4b,newsroom,coh,1,10,0.496019,0.426200
qwen3_4b,newsroom,coh,0,10,0.495024,0.426829
qwen3_4b,newsroom,coh,0,100,0.503131,0.436412
qwen3_4b,newsroom,coh,0,0.5,0.472616,0.423600
qwen3_4b,newsroom,coh,0,2,0.500187,0.444471
qwen3_4b,newsroom,coh,0,5,0.490432,0.423714
qwen3_4b,newsroom,coh,5,10,0.487733,0.416472
qwen3_4b,newsroom,coh,20,25,0.407726,0.348189
qwen3_4b,newsroom,coh,-0.1,0.1,0.439912,0.398384
qwen3_4b,newsroom,coh,-0.5,0.5,0.437472,0.394167
qwen3_4b,newsroom,coh,-1,1,0.469968,0.410465
qwen3_4b,newsroom,coh,-2,2,0.458869,0.399990
qwen3_4b,newsroom,coh,-3,3,0.478974,0.417577
qwen3_4b,newsroom,coh,-4,4,0.443226,0.381734
qwen3_4b,newsroom,coh,-5,5,0.532053,0.458440
qwen3_4b,newsroom,coh,-1,3,0.464477,0.404275
qwen3_4b,newsroom,coh,0,1000,0.441173,0.399416
qwen3_4b,newsroom,flu,0,1,0.251926,0.214369
qwen3_4b,newsroom,flu,1,3,0.110455,0.098986
qwen3_4b,newsroom,flu,1,5,0.062002,0.055548
qwen3_4b,newsroom,flu,1,10,-0.061020,-0.041175
qwen3_4b,newsroom,flu,0,10,-0.118024,-0.097129
qwen3_4b,newsroom,flu,0,100,0.093994,0.084063
qwen3_4b,newsroom,flu,0,0.5,-0.018666,-0.012630
qwen3_4b,newsroom,flu,0,2,0.430797,0.386829
qwen3_4b,newsroom,flu,0,5,0.131279,0.113831
qwen3_4b,newsroom,flu,5,10,-0.034862,-0.019657
qwen3_4b,newsroom,flu,20,25,-0.000140,0.008470
qwen3_4b,newsroom,flu,-0.1,0.1,0.344369,0.312009
qwen3_4b,newsroom,flu,-0.5,0.5,0.400066,0.356715
qwen3_4b,newsroom,flu,-1,1,0.387940,0.331891
qwen3_4b,newsroom,flu,-2,2,0.358516,0.317483
qwen3_4b,newsroom,flu,-3,3,0.377978,0.324269
qwen3_4b,newsroom,flu,-4,4,0.403127,0.345550
qwen3_4b,newsroom,flu,-5,5,0.376757,0.323903
qwen3_4b,newsroom,flu,-1,3,0.361384,0.307441
qwen3_4b,newsroom,flu,0,1000,0.105429,0.099777
qwen3_4b,newsroom,inf,0,1,0.551644,0.489303
qwen3_4b,newsroom,inf,1,3,0.522740,0.460970
qwen3_4b,newsroom,inf,1,5,0.573604,0.509059
qwen3_4b,newsroom,inf,1,10,0.584716,0.507210
qwen3_4b,newsroom,inf,0,10,0.580041,0.504020
qwen3_4b,newsroom,inf,0,100,0.594938,0.519864
qwen3_4b,newsroom,inf,0,0.5,0.521842,0.461347
qwen3_4b,newsroom,inf,0,2,0.531007,0.473957
qwen3_4b,newsroom,inf,0,5,0.576966,0.507600
qwen3_4b,newsroom,inf,5,10,0.565139,0.496350
qwen3_4b,newsroom,inf,20,25,0.505438,0.442014
qwen3_4b,newsroom,inf,-0.1,0.1,0.507337,0.458792
qwen3_4b,newsroom,inf,-0.5,0.5,0.495655,0.448765
qwen3_4b,newsroom,inf,-1,1,0.495130,0.444879
qwen3_4b,newsroom,inf,-2,2,0.535076,0.471663
qwen3_4b,newsroom,inf,-3,3,0.505085,0.455611
qwen3_4b,newsroom,inf,-4,4,0.530375,0.474657
qwen3_4b,newsroom,inf,-5,5,0.576207,0.511346
qwen3_4b,newsroom,inf,-1,3,0.497867,0.445315
qwen3_4b,newsroom,inf,0,1000,0.562869,0.504179
qwen3_4b,newsroom,rel,0,1,0.504749,0.435895
qwen3_4b,newsroom,rel,1,3,0.501029,0.438874
qwen3_4b,newsroom,rel,1,5,0.502818,0.445302
qwen3_4b,newsroom,rel,1,10,0.518479,0.439082
qwen3_4b,newsroom,rel,0,10,0.531601,0.448391
qwen3_4b,newsroom,rel,0,100,0.495604,0.433650
qwen3_4b,newsroom,rel,0,0.5,0.479531,0.429075
qwen3_4b,newsroom,rel,0,2,0.515859,0.457577
qwen3_4b,newsroom,rel,0,5,0.533908,0.460021
qwen3_4b,newsroom,rel,5,10,0.499796,0.423587
qwen3_4b,newsroom,rel,20,25,0.453078,0.386279
qwen3_4b,newsroom,rel,-0.1,0.1,0.441432,0.401104
qwen3_4b,newsroom,rel,-0.5,0.5,0.389177,0.353559
qwen3_4b,newsroom,rel,-1,1,0.478691,0.423862
qwen3_4b,newsroom,rel,-2,2,0.394467,0.354835
qwen3_4b,newsroom,rel,-3,3,0.422462,0.373760
qwen3_4b,newsroom,rel,-4,4,0.416667,0.375135
qwen3_4b,newsroom,rel,-5,5,0.490417,0.421869
qwen3_4b,newsroom,rel,-1,3,0.519242,0.450620
qwen3_4b,newsroom,rel,0,1000,0.478172,0.418702
qwen3_4b,tc,coh,0,1,0.417855,0.372779
qwen3_4b,tc,coh,1,3,0.396405,0.364355
qwen3_4b,tc,coh,1,5,0.436680,0.402501
qwen3_4b,tc,coh,1,10,0.385682,0.345429
qwen3_4b,tc,coh,0,10,0.402195,0.360534
qwen3_4b,tc,coh,0,100,0.402056,0.360388
qwen3_4b,tc,coh,0,0.5,0.387918,0.361016
qwen3_4b,tc,coh,0,2,0.312452,0.289196
qwen3_4b,tc,coh,0,5,0.429135,0.384494
qwen3_4b,tc,coh,5,10,0.448023,0.406164
qwen3_4b,tc,coh,20,25,0.416659,0.379898
qwen3_4b,tc,coh,-0.1,0.1,0.365283,0.348132
qwen3_4b,tc,coh,-0.5,0.5,0.289502,0.276681
qwen3_4b,tc,coh,-1,1,0.305704,0.287146
qwen3_4b,tc,coh,-2,2,0.214308,0.199240
qwen3_4b,tc,coh,-3,3,0.344412,0.319551
qwen3_4b,tc,coh,-4,4,0.324736,0.301151
qwen3_4b,tc,coh,-5,5,0.331930,0.304052
qwen3_4b,tc,coh,-1,3,0.345510,0.313834
qwen3_4b,tc,coh,0,1000,0.427375,0.379552
qwen3_4b,tc,eng,0,1,0.575652,0.509650
qwen3_4b,tc,eng,1,3,0.525950,0.475888
qwen3_4b,tc,eng,1,5,0.560419,0.507628
qwen3_4b,tc,eng,1,10,0.528908,0.474409
qwen3_4b,tc,eng,0,10,0.588049,0.527204
qwen3_4b,tc,eng,0,100,0.603958,0.531622
qwen3_4b,tc,eng,0,0.5,0.667264,0.614020
qwen3_4b,tc,eng,0,2,0.569096,0.516807
qwen3_4b,tc,eng,0,5,0.564497,0.505841
qwen3_4b,tc,eng,5,10,0.573320,0.501025
qwen3_4b,tc,eng,20,25,0.619545,0.541480
qwen3_4b,tc,eng,-0.1,0.1,0.425792,0.391172
qwen3_4b,tc,eng,-0.5,0.5,0.463302,0.413471
qwen3_4b,tc,eng,-1,1,0.136671,0.116843
qwen3_4b,tc,eng,-2,2,-0.131470,-0.127103
qwen3_4b,tc,eng,-3,3,0.025872,0.012957
qwen3_4b,tc,eng,-4,4,0.001082,-0.009336
qwen3_4b,tc,eng,-5,5,0.296386,0.266029
qwen3_4b,tc,eng,-1,3,0.501821,0.460596
qwen3_4b,tc,eng,0,1000,0.591597,0.535043
qwen3_4b,tc,gro,0,1,0.661050,0.625553
qwen3_4b,tc,gro,1,3,0.548681,0.518041
qwen3_4b,tc,gro,1,5,0.599144,0.563125
qwen3_4b,tc,gro,1,10,0.575723,0.529196
qwen3_4b,tc,gro,0,10,0.567024,0.522657
qwen3_4b,tc,gro,0,100,0.582098,0.536811
qwen3_4b,tc,gro,0,0.5,0.602003,0.576009
qwen3_4b,tc,gro,0,2,0.543400,0.516426
qwen3_4b,tc,gro,0,5,0.592277,0.550878
qwen3_4b,tc,gro,5,10,0.487491,0.450077
qwen3_4b,tc,gro,20,25,0.639068,0.603845
qwen3_4b,tc,gro,-0.1,0.1,0.375148,0.366953
qwen3_4b,tc,gro,-0.5,0.5,0.408944,0.401547
qwen3_4b,tc,gro,-1,1,0.038912,0.044624
qwen3_4b,tc,gro,-2,2,0.198522,0.188920
qwen3_4b,tc,gro,-3,3,0.412633,0.394512
qwen3_4b,tc,gro,-4,4,0.418421,0.394681
qwen3_4b,tc,gro,-5,5,0.472165,0.443377
qwen3_4b,tc,gro,-1,3,0.557097,0.526087
qwen3_4b,tc,gro,0,1000,0.561849,0.517890
qwen3_4b,tc,nat,0,1,0.421694,0.389606
qwen3_4b,tc,nat,1,3,0.524423,0.477677
qwen3_4b,tc,nat,1,5,0.418750,0.386528
qwen3_4b,tc,nat,1,10,0.486819,0.432750
qwen3_4b,tc,nat,0,10,0.498207,0.449821
qwen3_4b,tc,nat,0,100,0.526135,0.475188
qwen3_4b,tc,nat,0,0.5,0.525356,0.482355
qwen3_4b,tc,nat,0,2,0.475525,0.433657
qwen3_4b,tc,nat,0,5,0.493246,0.446027
qwen3_4b,tc,nat,5,10,0.452827,0.403167
qwen3_4b,tc,nat,20,25,0.482186,0.443337
qwen3_4b,tc,nat,-0.1,0.1,0.323177,0.300943
qwen3_4b,tc,nat,-0.5,0.5,0.217117,0.192770
qwen3_4b,tc,nat,-1,1,0.077044,0.073303
qwen3_4b,tc,nat,-2,2,0.110565,0.092728
qwen3_4b,tc,nat,-3,3,-0.087311,-0.081676
qwen3_4b,tc,nat,-4,4,-0.187987,-0.173873
qwen3_4b,tc,nat,-5,5,-0.207168,-0.197628
qwen3_4b,tc,nat,-1,3,0.421582,0.389306
qwen3_4b,tc,nat,0,1000,0.418923,0.384135
qwen3_4b,wp_a,coh,0,1,0.355486,0.274667
qwen3_4b,wp_a,coh,1,3,0.401477,0.324460
qwen3_4b,wp_a,coh,1,5,0.381909,0.305969
qwen3_4b,wp_a,coh,1,10,0.404836,0.309790
qwen3_4b,wp_a,coh,0,10,0.389172,0.294991
qwen3_4b,wp_a,coh,0,100,0.427883,0.328186
qwen3_4b,wp_a,coh,0,0.5,0.391315,0.322907
qwen3_4b,wp_a,coh,0,2,0.382828,0.307906
qwen3_4b,wp_a,coh,0,5,0.381948,0.298618
qwen3_4b,wp_a,coh,5,10,0.420043,0.321311
qwen3_4b,wp_a,coh,20,25,0.413866,0.332930
qwen3_4b,wp_a,coh,-0.1,0.1,0.375489,0.325207
qwen3_4b,wp_a,coh,-0.5,0.5,0.344927,0.293161
qwen3_4b,wp_a,coh,-1,1,0.460135,0.363406
qwen3_4b,wp_a,coh,-2,2,0.415547,0.336725
qwen3_4b,wp_a,coh,-3,3,0.463420,0.363488
qwen3_4b,wp_a,coh,-4,4,0.451860,0.354194
qwen3_4b,wp_a,coh,-5,5,0.440924,0.345645
qwen3_4b,wp_a,coh,-1,3,0.404129,0.325876
qwen3_4b,wp_a,coh,0,1000,0.272446,0.216774
qwen3_4b,wp_a,enj,0,1,0.229977,0.170941
qwen3_4b,wp_a,enj,1,3,0.214459,0.180121
qwen3_4b,wp_a,enj,1,5,0.218922,0.169844
qwen3_4b,wp_a,enj,1,10,0.198790,0.153797
qwen3_4b,wp_a,enj,0,10,0.183487,0.142981
qwen3_4b,wp_a,enj,0,100,0.193059,0.146417
qwen3_4b,wp_a,enj,0,0.5,0.202100,0.166523
qwen3_4b,wp_a,enj,0,2,0.206739,0.168955
qwen3_4b,wp_a,enj,0,5,0.206267,0.164507
qwen3_4b,wp_a,enj,5,10,0.235468,0.180248
qwen3_4b,wp_a,enj,20,25,0.181484,0.147497
qwen3_4b,wp_a,enj,-0.1,0.1,0.216544,0.185461
qwen3_4b,wp_a,enj,-0.5,0.5,0.184153,0.156964
qwen3_4b,wp_a,enj,-1,1,0.078933,0.063525
qwen3_4b,wp_a,enj,-2,2,-0.049365,-0.039014
qwen3_4b,wp_a,enj,-3,3,0.092707,0.072034
qwen3_4b,wp_a,enj,-4,4,0.080756,0.062323
qwen3_4b,wp_a,enj,-5,5,0.171637,0.130148
qwen3_4b,wp_a,enj,-1,3,0.153974,0.123255
qwen3_4b,wp_a,enj,0,1000,0.199639,0.162604
qwen3_4b,wp_a,gra,0,1,0.334544,0.261478
qwen3_4b,wp_a,gra,1,3,0.258815,0.224118
qwen3_4b,wp_a,gra,1,5,0.219502,0.179104
qwen3_4b,wp_a,gra,1,10,0.272750,0.219435
qwen3_4b,wp_a,gra,0,10,0.250893,0.206529
qwen3_4b,wp_a,gra,0,100,0.328907,0.265933
qwen3_4b,wp_a,gra,0,0.5,0.238769,0.207857
qwen3_4b,wp_a,gra,0,2,0.282375,0.242030
qwen3_4b,wp_a,gra,0,5,0.253202,0.209051
qwen3_4b,wp_a,gra,5,10,0.273316,0.224961
qwen3_4b,wp_a,gra,20,25,0.343546,0.288999
qwen3_4b,wp_a,gra,-0.1,0.1,0.277125,0.235905
qwen3_4b,wp_a,gra,-0.5,0.5,0.237792,0.199420
qwen3_4b,wp_a,gra,-1,1,0.273280,0.228062
qwen3_4b,wp_a,gra,-2,2,0.186990,0.153558
qwen3_4b,wp_a,gra,-3,3,0.287448,0.231312
qwen3_4b,wp_a,gra,-4,4,0.299473,0.242199
qwen3_4b,wp_a,gra,-5,5,0.364707,0.288723
qwen3_4b,wp_a,gra,-1,3,0.316627,0.261835
qwen3_4b,wp_a,gra,0,1000,0.332076,0.267837
qwen3_4b,wp_a,rel,0,1,0.536695,0.417525
qwen3_4b,wp_a,rel,1,3,0.466523,0.378027
qwen3_4b,wp_a,rel,1,5,0.515330,0.412269
qwen3_4b,wp_a,rel,1,10,0.507216,0.386851
qwen3_4b,wp_a,rel,0,10,0.530304,0.406148
qwen3_4b,wp_a,rel,0,100,0.521287,0.399133
qwen3_4b,wp_a,rel,0,0.5,0.498071,0.410101
qwen3_4b,wp_a,rel,0,2,0.517763,0.418619
qwen3_4b,wp_a,rel,0,5,0.525172,0.406186
qwen3_4b,wp_a,rel,5,10,0.498119,0.384949
qwen3_4b,wp_a,rel,20,25,0.478502,0.377113
qwen3_4b,wp_a,rel,-0.1,0.1,0.347293,0.294723
qwen3_4b,wp_a,rel,-0.5,0.5,0.191016,0.162102
qwen3_4b,wp_a,rel,-1,1,0.491868,0.386250
qwen3_4b,wp_a,rel,-2,2,0.412859,0.332840
qwen3_4b,wp_a,rel,-3,3,0.409226,0.322026
qwen3_4b,wp_a,rel,-4,4,0.394024,0.311083
qwen3_4b,wp_a,rel,-5,5,0.485151,0.384784
qwen3_4b,wp_a,rel,-1,3,0.530075,0.417849
qwen3_4b,wp_a,rel,0,1000,0.402590,0.306584
