model,dataset,metric,rmin,rmax,is_canon,n,raw_mean,raw_std,norm_mean,norm_std,norm_skew,norm_ent,pct_int,pct_min,pct_max,n_uniq
gemma2_9b,summeval,coh,0,1,False,1600,0.5179375,0.2065417538749731,0.5179375,0.2065417538749731,-0.0054773322221133,1.963431851089271,1.25,0.56,0.69,11
gemma2_9b,summeval,coh,1,3,False,1600,1.8895625,0.5592269741292439,0.4447812499999999,0.2796134870646219,-0.4223273985547292,1.3117735310494614,68.38,22.38,2.19,6
gemma2_9b,summeval,coh,1,5,True,1600,2.853125,0.9583463540782112,0.46328125,0.2395865885195527,-0.205172261275616,1.47892625375133,96.25,8.25,0.81,8
gemma2_9b,summeval,coh,0,10,False,1600,5.4109375,1.9228167154187497,0.54109375,0.1922816715418749,-0.290291548252289,1.9308568596480729,99.56,0.5,0.19,14
gemma2_9b,summeval,coh,0,100,False,1600,59.090625,18.53209815723452,0.59090625,0.1853209815723451,-0.4933814795993215,2.023643730779149,100.0,0.38,0.12,14
gemma2_9b,summeval,con,0,1,False,1600,0.7580000000000001,0.2266020741299602,0.7580000000000001,0.2266020741299602,-1.158269644241383,1.8513292561774983,25.38,1.44,23.94,11
gemma2_9b,summeval,con,1,3,False,1600,2.4271875,0.5775310293341388,0.71359375,0.2887655146670694,-1.0045584125724292,1.5826899064001785,66.25,7.88,32.56,7
gemma2_9b,summeval,con,1,5,True,1600,3.7891875000000006,0.9462435415070214,0.6972968750000001,0.2365608853767553,-0.950053998984287,1.414552946330701,96.12,2.94,17.88,8
gemma2_9b,summeval,con,0,10,False,1600,7.5271875,1.9768294286163768,0.7527187500000001,0.1976829428616376,-1.245817908513869,1.8643551305102888,97.94,0.44,7.0,11
gemma2_9b,summeval,con,0,100,False,1600,77.346875,17.769575198478297,0.7734687500000001,0.177695751984783,-1.4018594219137306,1.7605385972884964,100.0,0.31,4.44,13
gemma2_9b,summeval,flu,0,1,False,1587,0.4562696912413359,0.1523707145058888,0.4562696912413359,0.1523707145058888,0.955530782738998,1.6661215529040363,1.26,0.32,0.95,10
gemma2_9b,summeval,flu,1,3,False,1580,1.7863924050632911,0.4725753819105334,0.3931962025316455,0.2362876909552667,0.0791812094761699,1.343393171675697,59.75,14.49,2.22,6
gemma2_9b,summeval,flu,1,5,True,1581,2.582416192283365,0.8028456544922261,0.3956040480708412,0.2007114136230565,0.5608117733858295,1.5527968160267602,84.12,5.5,1.33,9
gemma2_9b,summeval,flu,0,10,False,1574,4.753494282083863,1.739984186466673,0.4753494282083863,0.1739984186466673,0.6636367152538345,1.8624867934099865,89.07,0.25,0.32,16
gemma2_9b,summeval,flu,0,100,False,1572,59.33206106870229,15.286672506199388,0.5933206106870229,0.1528667250619938,-0.2132800051679944,1.9732823606198973,100.0,0.19,0.13,15
gemma2_9b,summeval,rel,0,1,False,1600,0.61425,0.2063902553416706,0.61425,0.2063902553416706,-0.6084122451905243,2.006790443064823,2.56,0.62,1.94,11
gemma2_9b,summeval,rel,1,3,False,1600,2.1410625,0.546975887122778,0.57053125,0.273487943561389,-0.7309797063261427,1.5354852844344888,48.94,11.31,5.81,7
gemma2_9b,summeval,rel,1,5,True,1600,3.2763125000000004,0.8882117722388901,0.5690781250000001,0.2220529430597225,-0.7529217045490153,1.476665414834757,92.38,4.19,1.25,9
gemma2_9b,summeval,rel,0,10,False,1600,6.4690625,1.9241424378391925,0.6469062500000001,0.1924142437839192,-0.8968864916292649,1.866382806054262,99.06,0.5,0.06,14
gemma2_9b,summeval,rel,0,100,False,1600,66.8875,18.2859192754972,0.668875,0.182859192754972,-0.9716326274366424,1.9119450793722736,100.0,0.44,0.0,14
gemma2_9b,newsroom,coh,0,1,False,419,0.2520286396181384,0.2433152862756075,0.2520286396181384,0.2433152862756075,1.1593093099435017,1.7338944140111927,25.78,24.82,0.95,11
gemma2_9b,newsroom,coh,1,3,False,419,1.307875894988067,0.5661156209578188,0.1539379474940334,0.2830578104789094,1.571869798190356,0.8317869153879967,92.36,74.94,3.1,5
gemma2_9b,newsroom,coh,1,5,True,419,1.736276849642005,1.072668245267098,0.1840692124105012,0.2681670613167745,1.247218624579149,1.166240604314372,98.81,60.86,0.95,7
gemma2_9b,newsroom,coh,0,10,False,419,2.692601431980907,2.5777860773760763,0.2692601431980907,0.2577786077376076,1.0051059199942554,1.9998232077966285,99.76,18.85,0.24,11
gemma2_9b,newsroom,coh,0,100,False,419,30.68019093078759,27.4983681696239,0.3068019093078759,0.274983681696239,0.7779742898188103,2.092101913451368,100.0,17.42,0.24,12
gemma2_9b,newsroom,flu,0,1,False,407,0.2911547911547911,0.192922418546373,0.2911547911547911,0.192922418546373,0.9178175262725038,1.797032713869394,10.81,10.57,0.25,11
gemma2_9b,newsroom,flu,1,3,False,398,1.3042713567839197,0.5419180960697916,0.1521356783919598,0.2709590480348958,1.5572129567210389,0.9470479771306768,86.18,72.36,1.76,6
gemma2_9b,newsroom,flu,1,5,True,396,1.746212121212121,1.0283166569319897,0.1865530303030303,0.2570791642329974,1.1307773861481178,1.243517069418235,96.72,58.59,0.51,8
gemma2_9b,newsroom,flu,0,10,False,379,2.9063324538258577,2.277528634513995,0.2906332453825858,0.2277528634513994,0.9393999913728974,2.07643971095491,89.18,12.14,0.0,14
gemma2_9b,newsroom,flu,0,100,False,383,35.77023498694517,25.61503417258694,0.3577023498694517,0.2561503417258694,0.4621367696768999,2.197532504856495,100.0,11.23,0.0,13
gemma2_9b,newsroom,inf,0,1,False,420,0.3297619047619047,0.353074847691764,0.3297619047619047,0.353074847691764,0.7273018319451258,1.815299536039325,47.38,37.14,10.24,11
gemma2_9b,newsroom,inf,1,3,False,420,1.555952380952381,0.7729583230427096,0.2779761904761905,0.3864791615213548,0.9186326186531588,1.0389039548586303,95.48,62.38,15.95,5
gemma2_9b,newsroom,inf,1,5,True,420,2.3095238095238093,1.43739339543586,0.3273809523809524,0.359348348858965,0.5978973250262003,1.4324932519141844,100.0,45.95,10.24,5
gemma2_9b,newsroom,inf,0,10,False,419,3.7673031026252985,3.4010254148314263,0.3767303102625298,0.3401025414831426,0.5133683287258786,2.111020921292162,99.76,22.91,8.11,11
gemma2_9b,newsroom,inf,0,100,False,419,40.44152744630072,33.89733613707102,0.4044152744630072,0.3389733613707102,0.3502298783260085,2.2110284680986347,100.0,21.24,7.16,12
gemma2_9b,newsroom,rel,0,1,False,420,0.315,0.2747098035936762,0.315,0.2747098035936762,0.7638952185364642,2.077969785125466,20.24,18.81,1.43,11
gemma2_9b,newsroom,rel,1,3,False,419,1.4899761336515511,0.6537899419639412,0.2449880668257756,0.3268949709819705,0.9015800964727934,1.2412673896136612,79.24,58.95,4.06,6
gemma2_9b,newsroom,rel,1,5,True,419,2.094510739856802,1.180022020244429,0.2736276849642005,0.2950055050611073,0.6349262202024131,1.4686952464091134,96.18,44.39,0.72,9
gemma2_9b,newsroom,rel,0,10,False,420,3.581190476190476,2.9079289818905174,0.3581190476190476,0.2907928981890517,0.4491874826472311,2.1758944758720977,98.81,17.14,0.24,13
gemma2_9b,newsroom,rel,0,100,False,420,38.871428571428574,29.83729917014453,0.3887142857142857,0.2983729917014453,0.2612483085537699,2.1901936685689014,100.0,15.48,0.0,12
gemma2_9b,tc,coh,0,1,True,348,0.3824712643678161,0.2651342899419067,0.3824712643678161,0.2651342899419067,0.3224320985818326,1.876795563881437,12.07,12.07,0.0,10
gemma2_9b,tc,coh,1,3,False,348,1.5172413793103448,0.601474604914221,0.2586206896551724,0.3007373024571105,0.518152027042209,1.061472498438499,86.21,54.89,1.15,5
gemma2_9b,tc,coh,1,5,False,346,2.315028901734104,1.2059125172103862,0.328757225433526,0.3014781293025965,0.221090525895034,1.4535928319841835,97.11,37.28,0.0,7
gemma2_9b,tc,coh,0,10,False,346,3.9985549132947975,2.6980774987351754,0.3998554913294798,0.2698077498735176,0.1356789555438968,2.1378138916585803,97.98,8.38,0.0,11
gemma2_9b,tc,coh,0,100,False,346,45.14450867052023,26.48714240192526,0.4514450867052023,0.2648714240192525,-0.0043916442693463,2.2327245142160868,100.0,5.78,0.0,12
gemma2_9b,tc,eng,0,1,False,346,0.3341040462427745,0.2344441973262049,0.3341040462427745,0.2344441973262049,0.6353054431071213,1.880022464153173,8.09,8.09,0.0,8
gemma2_9b,tc,eng,1,3,True,344,1.5116279069767442,0.5830789576456241,0.2558139534883721,0.291539478822812,0.4827420601595544,1.1315392719780035,80.23,52.91,0.0,4
gemma2_9b,tc,eng,1,5,False,341,2.2595307917888565,1.0922031394077834,0.3148826979472141,0.2730507848519458,0.2435288944664225,1.5657763390437884,92.08,33.14,0.0,6
gemma2_9b,tc,eng,0,10,False,338,3.807692307692308,2.3737344806476117,0.3807692307692308,0.2373734480647611,0.2701756269180528,2.0139538092201525,94.08,7.1,0.0,11
gemma2_9b,tc,eng,0,100,False,342,40.599415204678365,25.067284886637385,0.4059941520467836,0.2506728488663738,0.1021168101494781,2.2391904280388557,100.0,5.26,0.0,12
gemma2_9b,tc,gro,0,1,True,335,0.3092537313432835,0.3594411642338403,0.3092537313432835,0.3594411642338403,0.6490414595269915,1.577388132740384,52.84,47.46,5.37,10
gemma2_9b,tc,gro,1,3,False,332,1.5376506024096386,0.693731327698092,0.2688253012048193,0.346865663849046,0.8869217459643578,0.9963859157015412,97.89,58.13,10.84,4
gemma2_9b,tc,gro,1,5,False,330,2.345454545454545,1.366945479857767,0.3363636363636363,0.3417363699644417,0.3432914899452939,1.3635452232906486,100.0,44.24,3.94,5
gemma2_9b,tc,gro,0,10,False,329,3.723404255319149,3.2977056532048854,0.3723404255319149,0.3297705653204886,0.2862026858553857,2.016663576768065,100.0,24.92,0.91,10
gemma2_9b,tc,gro,0,100,False,331,41.3595166163142,32.87292283870866,0.413595166163142,0.3287292283870866,0.1358465818740161,2.0511202286388914,100.0,19.94,0.6,10
gemma2_9b,tc,nat,0,1,False,328,0.4701219512195122,0.2642707125622209,0.4701219512195122,0.2642707125622209,0.0310579140211479,1.9563069282901064,3.05,3.05,0.0,9
gemma2_9b,tc,nat,1,3,True,326,1.6625766871165644,0.63724732893086,0.3312883435582822,0.31862366446543,0.2018914927255526,1.2290948418155312,78.53,44.17,2.45,5
gemma2_9b,tc,nat,1,5,False,326,2.5076687116564416,1.2343881873205444,0.3769171779141104,0.3085970468301361,-0.0176186101382667,1.4562020708007948,96.63,32.21,0.0,6
gemma2_9b,tc,nat,0,10,False,325,4.795384615384616,2.7596783964931504,0.4795384615384616,0.275967839649315,-0.140065867335368,2.33706914796188,83.08,3.08,0.0,13
gemma2_9b,tc,nat,0,100,False,325,51.46153846153846,27.513955576748504,0.5146153846153846,0.275139555767485,-0.2699903141752632,2.3118558860285927,100.0,2.46,0.0,13
gemma2_9b,wp_a,coh,0,1,False,400,0.287,0.2322304889544006,0.287,0.2322304889544006,0.9481879104756996,1.801868802260349,16.5,16.5,0.0,10
gemma2_9b,wp_a,coh,1,3,False,400,1.3725,0.5916026960722881,0.18625,0.295801348036144,1.1364986527771468,0.9362785202068498,82.5,69.25,0.75,5
gemma2_9b,wp_a,coh,1,5,True,400,1.87375,1.1256935362255571,0.2184375,0.2814233840563893,1.0465721582279794,1.2978898734326263,94.75,53.0,0.0,7
gemma2_9b,wp_a,coh,0,10,False,400,2.83375,2.6048965310545444,0.283375,0.2604896531054544,0.7724917129777586,2.159144357546712,91.75,23.25,0.0,14
gemma2_9b,wp_a,coh,0,100,False,400,31.2125,26.14798928694136,0.312125,0.2614798928694136,0.7410508040812572,2.201179415524762,100.0,13.5,0.0,13
gemma2_9b,wp_a,enj,0,1,False,400,0.29125,0.2297791058821493,0.29125,0.2297791058821493,0.8600517666648652,1.8817696097617864,10.75,10.75,0.0,8
gemma2_9b,wp_a,enj,1,3,False,400,1.5125,0.6122448448129229,0.25625,0.3061224224064614,0.6468143537710919,1.2136264230029157,67.0,52.75,0.25,5
gemma2_9b,wp_a,enj,1,5,True,400,2.07625,1.1151506344436164,0.2690625,0.2787876586109041,0.5370653983272883,1.5518822052806782,89.25,43.0,0.0,7
gemma2_9b,wp_a,enj,0,10,False,400,3.28875,2.5216063208796093,0.328875,0.2521606320879609,0.5852971743220724,2.0976787082386217,86.25,6.75,0.0,13
gemma2_9b,wp_a,enj,0,100,False,400,33.7875,25.929565051307744,0.337875,0.2592956505130774,0.5502461257018764,2.093590869533108,100.0,4.25,0.0,12
gemma2_9b,wp_a,gra,0,1,False,400,0.58,0.2019900987672415,0.58,0.2019900987672415,-0.0702567925715058,1.986179019166288,0.5,0.5,0.0,9
gemma2_9b,wp_a,gra,1,3,False,399,2.0671679197994988,0.5239619161708484,0.5335839598997494,0.2619809580854242,-0.3758465006163892,1.5403947700380656,49.62,8.77,3.51,6
gemma2_9b,wp_a,gra,1,5,True,399,3.0070175438596496,0.9324561992940942,0.5017543859649123,0.2331140498235235,0.1443276757785211,1.6825519170023937,76.94,3.01,0.0,8
gemma2_9b,wp_a,gra,0,10,False,400,5.74,2.0551520625004853,0.5740000000000001,0.2055152062500485,0.041418540890656,2.116166479261515,79.5,0.0,0.0,13
gemma2_9b,wp_a,gra,0,100,False,400,64.0125,19.133409099007945,0.6401250000000002,0.1913340909900794,-0.2275952636913923,2.247859543324129,100.0,0.25,0.0,13
gemma2_9b,wp_a,rel,0,1,False,400,0.2117499999999999,0.272739688164374,0.2117499999999999,0.272739688164374,1.1607070518797182,1.6173135060512158,49.0,48.75,0.25,10
gemma2_9b,wp_a,rel,1,3,False,400,1.36475,0.6036409839465839,0.182375,0.3018204919732919,1.258431346508145,0.9717582263031176,78.0,70.0,1.0,6
gemma2_9b,wp_a,rel,1,5,True,400,1.81125,1.182158380886419,0.2028125,0.2955395952216047,1.1343355632065004,1.2822297752537366,91.75,61.75,0.25,8
gemma2_9b,wp_a,rel,0,10,False,400,2.44,2.961654942764265,0.244,0.2961654942764264,0.9456732711624206,1.8537092131484192,98.0,44.0,0.25,13
gemma2_9b,wp_a,rel,0,100,False,400,25.175,29.83444946701715,0.25175,0.2983444946701715,0.9318773053895508,1.9501353110883863,100.0,39.75,0.25,14
gemma3_27b,summeval,coh,0,1,False,1600,0.7444062499999999,0.1573063014025105,0.7444062499999999,0.1573063014025105,-1.3076030455409924,1.7593511928861338,3.0,0.0,3.0,14
gemma3_27b,summeval,coh,1,3,False,1600,2.2009375,0.4539056852406124,0.60046875,0.2269528426203062,0.270186673820751,1.145589393486092,78.69,2.5,16.81,5
gemma3_27b,summeval,coh,1,5,True,1600,3.3784375,0.8052973417277309,0.594609375,0.2013243354319327,-0.4079181315895773,1.1989848472012066,99.31,0.5,3.81,7
gemma3_27b,summeval,coh,0,10,False,1600,7.06,1.4221990015465489,0.706,0.1422199001546548,-1.477350267377197,1.612399310505214,96.75,0.0,0.0,11
gemma3_27b,summeval,coh,0,100,False,1600,75.89375,14.764229100684531,0.7589374999999999,0.1476422910068453,-1.75037415309504,1.826548015098548,100.0,0.06,0.0,15
gemma3_27b,summeval,con,0,1,False,1600,0.949175,0.1349845153156464,0.949175,0.1349845153156464,-3.2879581402014595,0.8214195378668983,82.88,0.19,82.69,14
gemma3_27b,summeval,con,1,3,False,1600,2.8346875,0.4202118838678292,0.91734375,0.2101059419339146,-2.550381261592607,0.4772872175824555,99.94,1.94,85.38,4
gemma3_27b,summeval,con,1,5,True,1600,4.6528125,0.7970207587282466,0.913203125,0.1992551896820616,-2.4288096892938715,0.7188859007824787,99.94,0.31,80.0,6
gemma3_27b,summeval,con,0,10,False,1600,9.26875,1.3819002994065817,0.926875,0.1381900299406581,-2.948387000917217,1.1723295201747934,99.25,0.06,62.88,11
gemma3_27b,summeval,con,0,100,False,1600,94.3249875,11.518222150134273,0.943249875,0.1151822215013427,-3.582746248945413,1.3524133565136984,99.62,0.12,57.94,16
gemma3_27b,summeval,flu,0,1,False,1587,0.696124763705104,0.1008429103237422,0.696124763705104,0.1008429103237422,-0.95449318516061,1.6170697259679048,0.0,0.0,0.0,10
gemma3_27b,summeval,flu,1,3,False,1595,2.0078369905956115,0.1932595143469379,0.5039184952978056,0.096629757173469,2.5261861993770696,0.6004512644084744,88.34,0.25,2.13,8
gemma3_27b,summeval,flu,1,5,True,1597,3.0948653725735755,0.5928914618797297,0.5237163431433939,0.1482228654699324,-0.0413247909320149,1.4182591644064186,77.02,0.06,0.13,8
gemma3_27b,summeval,flu,0,10,False,1583,6.647188881869868,0.8518513117391068,0.6647188881869868,0.0851851311739106,-1.1354096063751782,1.3318084777922388,93.24,0.0,0.0,10
gemma3_27b,summeval,flu,0,100,False,1583,74.74162981680354,8.866787226866032,0.7474162981680355,0.0886678722686603,-1.0386746075408655,1.253207560226972,100.0,0.0,0.0,13
gemma3_27b,summeval,rel,0,1,False,1600,0.826,0.1445540556331783,0.826,0.1445540556331783,-1.764285953402894,1.8867271152160745,10.94,0.0,10.94,13
gemma3_27b,summeval,rel,1,3,False,1600,2.471875,0.5164387518138042,0.7359375,0.2582193759069021,-0.4966767157661554,1.1918128677988085,81.25,2.38,41.88,5
gemma3_27b,summeval,rel,1,5,True,1600,3.8075,0.8584906813705085,0.701875,0.2146226703426271,-0.7434185233786688,1.2162518913419855,99.38,0.56,17.69,8
gemma3_27b,summeval,rel,0,10,False,1600,7.8259375,1.3154784285930918,0.7825937500000001,0.1315478428593092,-1.908393255684793,1.4252109291685064,99.69,0.0,0.12,10
gemma3_27b,summeval,rel,0,100,False,1600,83.290625,12.521228458477028,0.8329062500000001,0.1252122845847702,-2.284499166216839,1.8410628503296724,100.0,0.06,0.06,14
gemma3_27b,newsroom,coh,0,1,False,420,0.3686904761904762,0.264713590787085,0.3686904761904762,0.264713590787085,0.5987126271915519,2.194986398981494,10.24,7.62,2.62,14
gemma3_27b,newsroom,coh,1,3,False,420,1.3964285714285714,0.6079721227497329,0.1982142857142857,0.3039860613748664,1.3940686553333923,1.014377283504856,92.14,64.05,7.38,5
gemma3_27b,newsroom,coh,1,5,True,420,1.9678571428571427,1.0936135726382077,0.2419642857142857,0.2734033931595518,1.1578930115520258,1.3388495631709227,99.29,41.43,4.05,6
gemma3_27b,newsroom,coh,0,10,False,420,3.591904761904761,2.5087999769338007,0.3591904761904762,0.25087999769338,0.6294840303813259,1.9535972913428787,99.52,3.1,0.0,11
gemma3_27b,newsroom,coh,0,100,False,420,39.72380952380952,28.669793374808183,0.3972380952380951,0.2866979337480818,0.2771568466997927,2.3845183510083072,100.0,7.14,0.0,16
gemma3_27b,newsroom,flu,0,1,False,412,0.4904126213592233,0.2214779890791103,0.4904126213592233,0.2214779890791103,-0.0296001236888929,1.984109128290196,0.0,0.0,0.0,10
gemma3_27b,newsroom,flu,1,3,False,403,1.617866004962779,0.4607453363016731,0.3089330024813895,0.2303726681508365,-0.048346209819983,1.4829877251178396,69.23,28.54,0.99,8
gemma3_27b,newsroom,flu,1,5,True,409,2.3337408312958434,0.905962828579635,0.3334352078239608,0.2264907071449087,0.3725963381000258,1.5486595616909764,90.95,15.89,0.0,7
gemma3_27b,newsroom,flu,0,10,False,420,4.814761904761905,2.1944890262126626,0.4814761904761904,0.2194489026212662,-0.2599715090719253,1.9562630649790815,95.0,0.0,0.24,12
gemma3_27b,newsroom,flu,0,100,False,420,54.95,24.476030548856805,0.5495000000000001,0.244760305488568,-0.4693261500613576,2.28826532309927,100.0,3.1,0.0,15
gemma3_27b,newsroom,inf,0,1,False,419,0.552744630071599,0.3989076483028436,0.552744630071599,0.3989076483028436,-0.1138148523796689,2.1194527042865032,49.4,14.8,34.61,17
gemma3_27b,newsroom,inf,1,3,False,420,1.9214285714285717,0.9237696358595332,0.4607142857142857,0.4618848179297665,0.1561088811089731,0.998007240051248,100.0,46.9,39.05,3
gemma3_27b,newsroom,inf,1,5,True,419,2.947494033412888,1.7443019192574605,0.4868735083532219,0.436075479814365,0.1074200638178551,1.3826797539313147,100.0,33.65,36.04,5
gemma3_27b,newsroom,inf,0,10,False,419,5.47255369928401,4.005495737598318,0.547255369928401,0.4005495737598318,-0.1322980842677821,2.0171465379167497,100.0,12.65,27.92,10
gemma3_27b,newsroom,inf,0,100,False,419,59.13126491646778,39.280211771639,0.5913126491646777,0.39280211771639,-0.3816451415580632,2.288722301390943,100.0,15.27,24.82,16
gemma3_27b,newsroom,rel,0,1,False,420,0.4285714285714285,0.3096355109800294,0.4285714285714285,0.3096355109800294,0.2710496843153721,2.3851266560992257,18.81,12.62,6.19,14
gemma3_27b,newsroom,rel,1,3,False,420,1.5666666666666669,0.7214953607304453,0.2833333333333333,0.3607476803652226,0.8742000919156586,1.019078306052123,98.57,56.67,13.81,5
gemma3_27b,newsroom,rel,1,5,True,420,2.3261904761904764,1.3000109017509052,0.331547619047619,0.3250027254377263,0.733201658593125,1.4722453133031077,99.52,32.38,8.57,6
gemma3_27b,newsroom,rel,0,10,False,420,4.410952380952381,3.059539966605476,0.4410952380952381,0.3059539966605475,0.1724124340556635,2.1438287702555168,99.52,6.9,0.71,12
gemma3_27b,newsroom,rel,0,100,False,420,48.44761904761905,32.86639069305008,0.4844761904761905,0.3286639069305007,-0.0838685807647474,2.526812375492244,100.0,12.14,0.24,21
gemma3_27b,tc,coh,0,1,True,360,0.6109722222222221,0.2636240996097696,0.6109722222222221,0.2636240996097696,-0.5584962741416977,2.0661735744860907,5.83,0.56,5.28,11
gemma3_27b,tc,coh,1,3,False,360,1.8527777777777776,0.6743252228508433,0.4263888888888889,0.3371626114254216,0.2056286149466412,1.0721811142670623,98.33,30.56,16.67,4
gemma3_27b,tc,coh,1,5,False,360,2.9166666666666665,1.1589027377461645,0.4791666666666667,0.2897256844365411,0.1090132434582721,1.4891472134438246,100.0,10.0,8.61,5
gemma3_27b,tc,coh,0,10,False,360,5.919444444444444,2.548781783567772,0.5919444444444445,0.2548781783567772,-0.5894624488473597,1.829822712669832,100.0,0.0,0.83,9
gemma3_27b,tc,coh,0,100,False,360,66.00277777777778,25.82575142621014,0.6600277777777778,0.2582575142621014,-0.905412705074618,2.2450150956962944,100.0,0.28,0.28,16
gemma3_27b,tc,eng,0,1,False,360,0.4480555555555555,0.2339197327247632,0.4480555555555555,0.2339197327247632,0.0258602323320105,1.7564182704129596,0.83,0.83,0.0,9
gemma3_27b,tc,eng,1,3,True,360,1.6597222222222223,0.5043311638591316,0.3298611111111111,0.2521655819295658,-0.0534274103666566,1.0399002742523138,89.72,31.94,2.5,5
gemma3_27b,tc,eng,1,5,False,360,2.408333333333333,0.8803014004053132,0.3520833333333333,0.2200753501013283,0.40208721820747,1.2411273871272035,100.0,12.22,0.28,5
gemma3_27b,tc,eng,0,10,False,360,4.794444444444444,2.149152862104359,0.4794444444444445,0.2149152862104358,-0.1190643268612869,1.696323934176903,100.0,0.0,0.0,8
gemma3_27b,tc,eng,0,100,False,360,51.53055555555556,23.30996829499303,0.5153055555555556,0.2330996829499302,-0.2980749289400972,2.1648460077804983,100.0,0.28,0.0,16
gemma3_27b,tc,gro,0,1,True,360,0.5623611111111111,0.3734690715126799,0.5623611111111111,0.3734690715126799,-0.298147350842057,2.050618349088122,45.0,18.33,26.67,12
gemma3_27b,tc,gro,1,3,False,360,1.9861111111111112,0.8078272566231037,0.4930555555555556,0.4039136283115518,0.0252379292491129,1.0980334173990254,100.0,33.33,31.94,3
gemma3_27b,tc,gro,1,5,False,360,3.0416666666666665,1.4723139384429305,0.5104166666666666,0.3680784846107326,-0.0196464418327064,1.591630802779179,100.0,20.28,23.06,5
gemma3_27b,tc,gro,0,10,False,360,5.9,3.3000000000000003,0.59,0.3299999999999999,-0.4859986457782598,1.9815390664209291,100.0,7.5,12.5,10
gemma3_27b,tc,gro,0,100,False,360,61.11111111111112,34.683311531130244,0.6111111111111112,0.3468331153113024,-0.5946159005786185,2.248338624605268,100.0,10.56,13.89,14
gemma3_27b,tc,nat,0,1,False,360,0.5761111111111111,0.2716183778942002,0.5761111111111111,0.2716183778942002,-0.5154733387733802,1.9258276294201784,0.83,0.83,0.0,10
gemma3_27b,tc,nat,1,3,True,360,1.9236111111111112,0.5543998395551404,0.4618055555555556,0.2771999197775702,0.0349276821029183,1.266158932481012,83.61,16.67,10.56,5
gemma3_27b,tc,nat,1,5,False,360,2.730555555555556,1.0094881663618902,0.4326388888888889,0.2523720415904725,0.2824139908907102,1.316898999022232,100.0,7.22,2.5,5
gemma3_27b,tc,nat,0,10,False,360,5.481944444444444,2.3025545227522657,0.5481944444444444,0.2302554522752265,-0.505375359060495,1.7686838518842212,99.72,0.0,0.0,9
gemma3_27b,tc,nat,0,100,False,360,63.58611111111111,22.897800146372354,0.6358611111111111,0.2289780014637235,-0.8404996390146484,2.0166840371305,100.0,0.0,0.0,15
gemma3_27b,wp_a,coh,0,1,False,400,0.529875,0.2522919625651994,0.529875,0.2522919625651994,-0.1023880397206195,2.005831483197036,0.0,0.0,0.0,10
gemma3_27b,wp_a,coh,1,3,False,400,1.849,0.4986471698505868,0.4245,0.2493235849252933,-0.0168084813102347,1.1755568075961176,84.0,17.0,6.25,6
gemma3_27b,wp_a,coh,1,5,True,400,2.755,1.004975124070243,0.43875,0.2512437810175607,-0.027549021538479,1.2968987901892843,100.0,9.25,0.25,5
gemma3_27b,wp_a,coh,0,10,False,400,5.79125,2.214057008638215,0.5791249999999999,0.2214057008638215,-0.5762640820081089,1.973153653577764,93.75,0.25,0.0,10
gemma3_27b,wp_a,coh,0,100,False,400,63.15,22.05566820570168,0.6315000000000001,0.2205566820570167,-0.7836894975847106,1.9483937696678173,100.0,0.25,0.0,14
gemma3_27b,wp_a,enj,0,1,False,400,0.468875,0.2026696434471625,0.468875,0.2026696434471625,-0.2409749859079233,1.8009851330146172,0.25,0.25,0.0,9
gemma3_27b,wp_a,enj,1,3,False,400,1.85025,0.3249614400201969,0.425125,0.1624807200100984,-0.830622787873963,0.9955829170880132,72.5,5.25,0.25,7
gemma3_27b,wp_a,enj,1,5,True,400,2.52625,0.8184961438516373,0.3815625,0.2046240359629093,0.2610824704904753,1.363117846753979,95.25,6.5,0.0,7
gemma3_27b,wp_a,enj,0,10,False,400,5.165,1.9869008530875412,0.5165,0.1986900853087541,-0.5633264000411042,1.7145685478316917,100.0,0.5,0.0,8
gemma3_27b,wp_a,enj,0,100,False,400,57.0475,19.375248224216374,0.5704750000000001,0.1937524822421638,-0.7944247839392006,1.7971053059485207,100.0,0.75,0.0,12
gemma3_27b,wp_a,gra,0,1,False,400,0.65975,0.158169015613046,0.65975,0.158169015613046,-0.5301227377143636,1.8670733588955013,0.25,0.0,0.25,12
gemma3_27b,wp_a,gra,1,3,False,400,2.0655,0.3384667635086198,0.53275,0.1692333817543099,0.3733880537835658,1.1177340174419517,63.75,0.25,3.0,7
gemma3_27b,wp_a,gra,1,5,True,400,3.02125,0.787510912622803,0.5053125,0.1968777281557007,0.1602537129064218,1.6760396641600082,69.75,0.25,0.5,9
gemma3_27b,wp_a,gra,0,10,False,400,6.79375,1.4223522550690455,0.679375,0.1422352255069045,-0.7898686818515125,1.8050274761119796,76.75,0.0,0.0,11
gemma3_27b,wp_a,gra,0,100,False,400,72.425,14.93383323196024,0.7242500000000001,0.1493383323196024,-1.089705525063589,1.776465422446201,100.0,0.0,0.0,12
gemma3_27b,wp_a,rel,0,1,False,400,0.446875,0.3340418901500229,0.446875,0.3340418901500229,0.2577437017074136,2.225647612109936,21.25,11.25,10.0,12
gemma3_27b,wp_a,rel,1,3,False,400,1.8025,0.7304065648664447,0.40125,0.3652032824332223,0.328931293377343,1.0974885573729376,99.0,38.25,18.75,5
gemma3_27b,wp_a,rel,1,5,True,400,2.6725,1.4440373090748038,0.418125,0.3610093272687009,0.2644747610229748,1.5233431600289045,100.0,29.25,13.25,5
gemma3_27b,wp_a,rel,0,10,False,400,5.335,3.196525457430302,0.5335,0.3196525457430301,-0.3512239833569508,2.0330401414399595,100.0,9.25,5.75,10
gemma3_27b,wp_a,rel,0,100,False,400,55.9475,33.657387654867094,0.559475,0.3365738765486709,-0.4865722907900334,2.2859614837635247,100.0,11.75,1.0,17
qwen3_4b,summeval,coh,0,1,False,1600,0.7310624999999998,0.2478043504334619,0.7310624999999998,0.2478043504334619,-0.6216655877262489,1.7406448390863438,32.25,0.5,31.75,13
qwen3_4b,summeval,coh,1,3,False,1600,2.7084375,0.4858858493450391,0.85421875,0.2429429246725195,-1.6430911795965726,1.0021918549155835,82.06,1.88,67.44,5
qwen3_4b,summeval,coh,1,5,True,1600,4.009375,0.8753068658333487,0.75234375,0.2188267164583371,-0.7185241063456058,1.2290326408980237,99.75,1.25,32.19,6
qwen3_4b,summeval,coh,0,10,False,1600,7.366875,1.987719229261265,0.7366875000000002,0.1987719229261265,-1.1416053902501209,1.7847601705655407,97.75,0.25,1.0,15
qwen3_4b,summeval,coh,0,100,False,1600,81.01875,16.82519386032446,0.8101875000000001,0.1682519386032446,-1.792987467649944,1.5534227800692038,100.0,0.0,0.88,14
qwen3_4b,summeval,con,0,1,False,1600,0.923375,0.2276315210488213,0.923375,0.2276315210488213,-2.9485109058662635,0.4777296677112604,91.94,3.12,88.81,6
qwen3_4b,summeval,con,1,3,False,1600,2.8721875,0.4043608720484092,0.93609375,0.2021804360242046,-3.225596558390364,0.4190120854903829,98.31,2.0,90.0,5
qwen3_4b,summeval,con,1,5,True,1600,4.66625,0.8445699719383825,0.9165625,0.2111424929845956,-2.756090124101524,0.6671607830660803,99.88,2.0,83.12,6
qwen3_4b,summeval,con,0,10,False,1600,9.139375,1.888107414681432,0.9139375,0.1888107414681431,-2.977292196532749,1.0277777353617112,100.0,1.12,64.25,9
qwen3_4b,summeval,con,0,100,False,1600,90.59475,15.288656250223562,0.9059475000000002,0.1528865625022356,-3.245761248272552,1.1615157288800866,99.88,0.75,42.25,12
qwen3_4b,summeval,flu,0,1,False,1600,0.8892812499999999,0.1046681465319678,0.8892812499999999,0.1046681465319678,-1.8518067037271628,1.5598855596426129,14.31,0.0,14.31,9
qwen3_4b,summeval,flu,1,3,False,1600,2.9109375,0.207000292496774,0.95546875,0.103500146248387,-2.196832267514098,0.4931967337788757,84.69,0.0,83.44,3
qwen3_4b,summeval,flu,1,5,True,1600,4.3328125,0.5711979427866929,0.833203125,0.1427994856966732,-0.125992595972939,0.912724936761764,98.19,0.0,38.69,5
qwen3_4b,summeval,flu,0,10,False,1600,8.9253125,0.6365555964279555,0.8925312500000001,0.0636555596427955,-3.6641922536219136,1.086355561766071,70.44,0.0,0.81,12
qwen3_4b,summeval,flu,0,100,False,1600,91.8975,6.505823833305049,0.9189749999999998,0.0650582383330504,-4.520655439117089,1.0920778883866138,100.0,0.0,0.19,14
qwen3_4b,summeval,rel,0,1,False,1600,0.9093625,0.1711124442983326,0.9093625,0.1711124442983326,-2.0409723638369908,1.0612555254721934,72.5,0.0,72.5,11
qwen3_4b,summeval,rel,1,3,False,1600,2.9165625,0.2739880172448241,0.95828125,0.136994008622412,-3.422476766192352,0.3988347118220455,96.44,0.19,90.44,5
qwen3_4b,summeval,rel,1,5,True,1600,4.31875,0.6668196439068064,0.8296875,0.1667049109767016,-0.759124212426589,0.964742666382288,100.0,0.12,41.94,5
qwen3_4b,summeval,rel,0,10,False,1600,8.1040625,1.2932332527791537,0.8104062500000001,0.1293233252779153,-2.046922929650704,1.3431250489911175,99.69,0.06,1.06,12
qwen3_4b,summeval,rel,0,100,False,1600,85.75725,10.773326317229047,0.8575725000000002,0.1077332631722904,-2.9270941295285136,1.1960215765614142,99.88,0.0,2.44,13
qwen3_4b,newsroom,coh,0,1,False,420,0.5079761904761904,0.3220314232001974,0.5079761904761904,0.3220314232001974,0.1520308110425648,1.8386910838643675,28.33,11.9,16.43,10
qwen3_4b,newsroom,coh,1,3,False,420,2.280952380952381,0.6507278325215087,0.6404761904761904,0.3253639162607543,-0.5375802619646506,1.5129365459997075,66.67,10.24,31.67,5
qwen3_4b,newsroom,coh,1,5,True,420,3.257142857142857,1.0831266155469186,0.5642857142857143,0.2707816538867296,-0.3475744640729609,1.4362952419377624,98.57,9.76,13.33,7
qwen3_4b,newsroom,coh,0,10,False,420,5.789285714285715,2.6222953348410725,0.5789285714285713,0.2622295334841072,-0.4876245030939732,2.406510064114153,80.24,5.48,0.48,17
qwen3_4b,newsroom,coh,0,100,False,420,66.0952380952381,25.900275346770908,0.6609523809523808,0.259002753467709,-0.7738870880353723,2.291784388105885,100.0,3.57,0.24,18
qwen3_4b,newsroom,flu,0,1,False,420,0.7819047619047619,0.175678793679695,0.7819047619047619,0.175678793679695,-1.416120070227059,1.9086632501242624,10.0,0.24,9.76,10
qwen3_4b,newsroom,flu,1,3,False,420,2.8154761904761907,0.2884664078895939,0.9077380952380952,0.144233203944797,-1.452053254365955,0.7663703620019198,71.19,0.0,67.62,4
qwen3_4b,newsroom,flu,1,5,True,420,4.214285714285714,0.7083083228877866,0.8035714285714286,0.1770770807219466,-0.3523725045420822,1.104423350663896,98.1,0.0,38.1,5
qwen3_4b,newsroom,flu,0,10,False,420,8.714285714285714,1.1059517402222758,0.8714285714285714,0.1105951740222275,-2.5871602962832783,1.4351269081934683,61.9,0.0,1.67,11
qwen3_4b,newsroom,flu,0,100,False,420,87.0547619047619,15.119975787032647,0.870547619047619,0.1511997578703265,-3.215995813344322,1.5151797055642944,100.0,0.24,0.0,13
qwen3_4b,newsroom,inf,0,1,False,420,0.6652380952380952,0.3962697379505777,0.6652380952380952,0.3962697379505777,-0.616203352653953,1.3206294246113646,70.95,17.86,53.1,7
qwen3_4b,newsroom,inf,1,3,False,420,2.4178571428571427,0.7729289861863605,0.7089285714285715,0.3864644930931802,-0.8807314407261241,1.169406499891726,92.14,16.9,58.33,5
qwen3_4b,newsroom,inf,1,5,True,420,3.592857142857143,1.4136903508771874,0.6482142857142857,0.3534225877192968,-0.7124540080029238,1.4367612393199054,100.0,16.43,35.71,5
qwen3_4b,newsroom,inf,0,10,False,420,6.7023809523809526,3.2277803146492463,0.6702380952380954,0.3227780314649247,-1.0135125144977548,1.893982607448285,100.0,11.9,10.48,11
qwen3_4b,newsroom,inf,0,100,False,420,72.60714285714286,27.719692955568974,0.7260714285714286,0.2771969295556898,-1.3841784159056287,1.9987347851133737,100.0,5.48,5.48,15
qwen3_4b,newsroom,rel,0,1,False,420,0.6522619047619047,0.3568891757770863,0.6522619047619047,0.3568891757770863,-0.5182238497541104,1.7392447439638166,52.86,11.43,41.43,9
qwen3_4b,newsroom,rel,1,3,False,420,2.4845238095238096,0.6877316142527042,0.7422619047619048,0.3438658071263521,-1.0972273803550618,1.1807934442147077,88.33,12.38,55.48,5
qwen3_4b,newsroom,rel,1,5,True,420,3.4785714285714286,1.1514040526752574,0.6196428571428572,0.2878510131688143,-0.761883486150213,1.4057670770763409,100.0,10.71,16.9,5
qwen3_4b,newsroom,rel,0,10,False,420,6.097619047619047,2.7029514816248814,0.6097619047619048,0.2702951481624881,-0.7535293000016882,2.191438239922964,97.62,5.71,0.71,13
qwen3_4b,newsroom,rel,0,100,False,420,68.07142857142857,26.47720750016517,0.6807142857142856,0.2647720750016517,-1.0482063795358072,2.158710106415297,100.0,2.86,1.19,15
qwen3_4b,tc,coh,0,1,True,360,0.5561111111111111,0.3362850789449149,0.5561111111111111,0.3362850789449149,-0.1452235695631931,1.8091597363704368,35.83,13.61,22.22,10
qwen3_4b,tc,coh,1,3,False,360,2.125,0.7580585582775105,0.5625,0.3790292791387552,-0.1261371358496392,1.3024074774361094,89.44,19.44,36.94,5
qwen3_4b,tc,coh,1,5,False,360,3.2777777777777777,1.1997942210393857,0.5694444444444444,0.2999485552598463,0.0811118382334254,1.4271054435193478,100.0,6.39,24.44,5
qwen3_4b,tc,coh,0,10,False,360,5.143055555555556,2.8237006052385745,0.5143055555555556,0.2823700605238575,-0.0284760776679205,2.069079889834035,99.17,6.11,0.28,12
qwen3_4b,tc,coh,0,100,False,360,58.11111111111112,29.119750626391188,0.5811111111111111,0.2911975062639119,-0.2197861656387963,2.118148672919784,100.0,2.78,0.83,14
qwen3_4b,tc,eng,0,1,False,360,0.6891666666666666,0.2431434761617099,0.6891666666666666,0.2431434761617099,-0.9110763129082938,1.7484701993500755,16.94,3.06,13.89,11
qwen3_4b,tc,eng,1,3,True,360,2.5236111111111112,0.6214885928057362,0.7618055555555555,0.3107442964028681,-1.0788208716630543,1.2040232345713004,85.83,7.22,55.28,5
qwen3_4b,tc,eng,1,5,False,360,3.775,1.0649400087433198,0.69375,0.2662350021858299,-0.3313422251860271,1.353622035238058,99.44,2.22,34.17,6
qwen3_4b,tc,eng,0,10,False,360,6.256944444444445,2.347565310231532,0.6256944444444443,0.2347565310231532,-0.8417665235008147,2.1477545792179877,81.39,1.67,0.56,16
qwen3_4b,tc,eng,0,100,False,360,65.33333333333333,26.851443164195103,0.6533333333333333,0.268514431641951,-0.6954991311631653,1.9153501991038535,100.0,0.0,0.83,14
qwen3_4b,tc,gro,0,1,True,360,0.3444444444444444,0.4274890800713474,0.3444444444444444,0.4274890800713474,0.6420325319318516,0.9732397801739828,82.78,56.94,25.83,3
qwen3_4b,tc,gro,1,3,False,360,1.9069444444444448,0.8773898140521516,0.4534722222222222,0.4386949070260758,0.201647568850237,1.169692740000498,96.39,42.22,34.72,4
qwen3_4b,tc,gro,1,5,False,360,2.761111111111111,1.5013471317042382,0.4402777777777777,0.3753367829260595,0.2876612953158572,1.5375985269848975,100.0,29.17,22.22,5
qwen3_4b,tc,gro,0,10,False,360,4.402777777777778,3.4402023609012624,0.4402777777777777,0.3440202360901262,0.1126573886566978,1.9499854095215647,100.0,25.28,4.17,10
qwen3_4b,tc,gro,0,100,False,360,47.509166666666665,35.69723611110841,0.4750916666666667,0.3569723611110841,-0.0279598832747963,2.038440247990609,99.72,25.0,5.28,13
qwen3_4b,tc,nat,0,1,False,360,0.8538888888888888,0.3775452715884089,0.8538888888888888,0.3775452715884089,0.806862688519529,1.1023405335277323,71.67,3.61,68.06,8
qwen3_4b,tc,nat,1,3,True,360,2.548611111111111,0.6289305419068228,0.7743055555555556,0.3144652709534114,-1.0209207392494917,0.9893453569721596,94.72,5.83,62.5,5
qwen3_4b,tc,nat,1,5,False,360,2.8194444444444446,0.5609116807307964,0.4548611111111111,0.1402279201826991,-0.9803036196720128,0.8274547871060547,98.89,3.06,0.28,7
qwen3_4b,tc,nat,0,10,False,360,6.754166666666666,2.4137877967579877,0.6754166666666666,0.2413787796757987,-1.275428865572053,1.8481967512614137,91.94,3.06,0.56,14
qwen3_4b,tc,nat,0,100,False,360,80.93611111111112,16.253506506764385,0.8093611111111111,0.1625350650676438,-2.162212810943457,1.7976737605372275,100.0,0.56,0.0,15
qwen3_4b,wp_a,coh,0,1,False,400,0.61925,0.2720835119958576,0.61925,0.2720835119958576,-0.2481958767170191,1.8354783186722217,20.75,3.0,17.75,11
qwen3_4b,wp_a,coh,1,3,False,400,2.45,0.6204836822995429,0.725,0.3102418411497714,-0.8304162622781026,1.3690775163324416,59.0,4.25,44.25,5
qwen3_4b,wp_a,coh,1,5,True,400,3.75375,1.1247159363590435,0.6884375,0.2811789840897609,-0.8031958499324315,1.3998649447127305,98.75,7.25,30.25,7
qwen3_4b,wp_a,coh,0,10,False,400,6.65,2.268534769405133,0.665,0.2268534769405133,-0.5897334979853883,2.310021833918554,50.5,0.75,0.5,17
qwen3_4b,wp_a,coh,0,100,False,400,66.15,25.48386744589604,0.6615000000000001,0.2548386744589604,-0.4965005028591097,2.284439323003697,100.0,0.75,0.0,15
qwen3_4b,wp_a,enj,0,1,False,400,0.7171249999999999,0.203992608628352,0.7171249999999999,0.203992608628352,-1.1567618182383443,1.9650684011208328,10.5,1.0,9.5,12
qwen3_4b,wp_a,enj,1,3,False,400,2.825,0.3579455265819088,0.9125,0.1789727632909544,-2.6410886111247662,0.7042459166566727,74.5,0.5,74.0,4
qwen3_4b,wp_a,enj,1,5,True,400,4.125,0.9003471552684553,0.78125,0.2250867888171138,-1.023763419763835,1.6304886935120535,63.5,1.75,31.5,7
qwen3_4b,wp_a,enj,0,10,False,400,7.622999999999999,1.9142155051090768,0.7622999999999999,0.1914215505109077,-1.5117620700747143,1.5926867786046333,2.25,0.25,0.5,12
qwen3_4b,wp_a,enj,0,100,False,400,79.2275,20.269330125832973,0.792275,0.2026933012583297,-1.5941967063300926,1.803442269526347,100.0,0.0,0.25,13
qwen3_4b,wp_a,gra,0,1,False,400,0.687375,0.1640788206167999,0.687375,0.1640788206167999,-0.6489836028320816,1.873217941400028,2.25,0.25,2.0,10
qwen3_4b,wp_a,gra,1,3,False,400,2.7895,0.2670014044906881,0.8947499999999999,0.133500702245344,-0.719653345595377,0.7674692238715566,62.0,0.0,60.0,4
qwen3_4b,wp_a,gra,1,5,True,400,4.03,0.6044418913344772,0.7575,0.1511104728336193,-0.3018504788102792,1.2129675389972236,87.5,0.0,15.0,7
qwen3_4b,wp_a,gra,0,10,False,400,8.61125,1.300768402714334,0.8611249999999998,0.1300768402714334,-1.8990060747059612,1.2636670821936404,3.75,0.0,0.0,10
qwen3_4b,wp_a,gra,0,100,False,400,83.4275,15.959158616606327,0.8342749999999998,0.1595915861660632,-1.903403779595846,1.5740961206981865,100.0,0.0,0.0,11
qwen3_4b,wp_a,rel,0,1,False,400,0.544375,0.3021168803211764,0.544375,0.3021168803211764,-0.1015798555322852,1.8761211189841036,22.5,9.25,13.25,11
qwen3_4b,wp_a,rel,1,3,False,400,2.3675,0.7339575941428769,0.68375,0.3669787970714385,-0.7455972672380996,1.2774958113698922,89.5,15.25,49.5,5
qwen3_4b,wp_a,rel,1,5,True,400,3.3025,1.06758781840184,0.575625,0.26689695460046,-0.6842859505549173,1.4038919920891433,99.5,9.5,8.25,6
qwen3_4b,wp_a,rel,0,10,False,400,5.5875,2.6284203906529107,0.55875,0.2628420390652911,-0.3262791099403188,2.442968777138443,78.5,4.25,0.5,18
qwen3_4b,wp_a,rel,0,100,False,400,59.6375,29.29899475664652,0.596375,0.2929899475664652,-0.2323638021154182,2.1883528316550374,100.0,1.5,0.75,14
mistral_7b,summeval,coh,0,1,False,1600,0.8061875000000001,0.1811745424825187,0.8061875000000001,0.1811745424825187,-1.209478339083081,1.771560053172768,21.12,0.5,20.62,14
mistral_7b,summeval,coh,1,3,False,1600,2.3199375,0.508609620528112,0.6599687499999999,0.254304810264056,-0.5638565935030957,1.4317897472642995,57.56,4.31,20.5,6
mistral_7b,summeval,coh,1,5,True,1600,3.8390625,0.9974369008081414,0.709765625,0.2493592252020353,-0.9278414514783696,1.8639416973782317,59.19,2.5,16.25,9
mistral_7b,summeval,coh,0,10,False,1600,7.61625,1.923274795108593,0.761625,0.1923274795108593,-1.181888974453032,2.1451542514403283,90.5,0.25,13.44,15
mistral_7b,summeval,coh,0,100,False,1600,77.3,19.64347856159901,0.7730000000000001,0.1964347856159901,-1.3742759247768666,1.9218205785178557,100.0,0.56,14.5,13
mistral_7b,summeval,con,0,1,False,1600,0.92934375,0.153051892624487,0.92934375,0.153051892624487,-3.8380979446044594,1.2267015240963175,58.0,1.12,56.88,14
mistral_7b,summeval,con,1,3,False,1600,2.632,0.4827535603183057,0.816,0.2413767801591528,-1.3427763449405097,1.1692946049634991,74.38,2.56,53.81,7
mistral_7b,summeval,con,1,5,True,1600,4.5515,0.7662719817401652,0.887875,0.1915679954350413,-2.7679775403979696,1.2477211507411083,71.75,1.94,54.44,8
mistral_7b,summeval,con,0,10,False,1600,9.0528125,1.4943199422626168,0.90528125,0.1494319942262616,-3.2862042105698657,1.5998716514965323,86.69,0.56,42.0,14
mistral_7b,summeval,con,0,100,False,1600,92.3125,14.823835325245623,0.923125,0.1482383532524562,-3.8985693212494055,1.4751308927059612,100.0,0.88,46.81,13
mistral_7b,summeval,flu,0,1,False,1600,0.8970624999999999,0.1043916715727361,0.8970624999999999,0.1043916715727361,-2.564042347046938,0.9964819793706298,0.25,0.0,0.25,13
mistral_7b,summeval,flu,1,3,False,1600,2.4223125000000003,0.3629509641036237,0.71115625,0.1814754820518118,-1.1924563949761957,1.465686598997012,15.0,0.5,0.06,9
mistral_7b,summeval,flu,1,5,True,1600,4.142625,0.7235817917657962,0.78565625,0.180895447941449,-1.5434372811930386,1.409195829980725,5.25,0.31,0.31,11
mistral_7b,summeval,flu,0,10,False,1600,8.303125,1.3404720192435946,0.8303124999999999,0.1340472019243594,-1.6282485418434094,1.8733274488044784,30.75,0.0,0.12,13
mistral_7b,summeval,flu,0,100,False,1600,86.880625,13.25467368928315,0.86880625,0.1325467368928314,-2.159491067330138,1.5093959619113062,100.0,0.0,0.44,14
mistral_7b,summeval,rel,0,1,False,1600,0.8702187499999999,0.1597721491638561,0.8702187499999999,0.1597721491638561,-2.0464667615893606,1.559117651005647,34.5,0.44,34.06,14
mistral_7b,summeval,rel,1,3,False,1600,2.52325,0.5071951670708229,0.761625,0.2535975835354114,-0.8899775657437162,1.3690754940780765,67.38,2.5,41.38,6
mistral_7b,summeval,rel,1,5,True,1600,4.2206875,0.8697360388898174,0.8051718750000001,0.2174340097224543,-1.5223879635534905,1.6359175895351343,64.62,1.62,31.62,10
mistral_7b,summeval,rel,0,10,False,1600,8.466875,1.6280249489412009,0.8466875000000001,0.1628024948941201,-1.9464360660318736,1.9236386406986428,88.62,0.19,24.69,15
mistral_7b,summeval,rel,0,100,False,1600,86.20625,16.568455297265945,0.8620625,0.1656845529726594,-2.306371357322126,1.898922807827028,100.0,0.44,24.19,13
mistral_7b,newsroom,coh,0,1,False,420,0.5827380952380953,0.3497357886778048,0.5827380952380953,0.3497357886778048,-0.4376479272735225,2.0244846726808765,33.81,16.9,16.9,14
mistral_7b,newsroom,coh,1,3,False,420,1.9152380952380952,0.7612684843177338,0.4576190476190476,0.3806342421588669,-0.043522341891627,1.6521359987561863,65.48,29.05,16.9,7
mistral_7b,newsroom,coh,1,5,True,420,2.901190476190476,1.551611608221091,0.475297619047619,0.3879029020552727,-0.0218216617899973,1.922119434466772,74.05,30.0,14.52,10
mistral_7b,newsroom,coh,0,10,False,420,5.376190476190477,3.5190170112722647,0.5376190476190477,0.3519017011272265,-0.2741617566710873,2.56153164323699,83.33,13.57,10.48,15
mistral_7b,newsroom,coh,0,100,False,420,53.69047619047619,36.43747945861585,0.5369047619047619,0.3643747945861585,-0.3180022820612318,2.2803936805495537,100.0,19.52,10.71,13
mistral_7b,newsroom,flu,0,1,False,420,0.6383333333333332,0.2635735793778119,0.6383333333333332,0.2635735793778119,-0.3525267257329649,2.2366142845305594,0.95,0.95,0.0,14
mistral_7b,newsroom,flu,1,3,False,420,1.7564285714285717,0.6164271919644665,0.3782142857142857,0.3082135959822332,0.2362210933865899,1.587733103780045,40.24,26.43,0.0,7
mistral_7b,newsroom,flu,1,5,True,420,2.749047619047619,1.3309767439630646,0.4372619047619048,0.3327441859907661,0.0797747213629109,1.93891810109022,28.81,21.67,0.0,10
mistral_7b,newsroom,flu,0,10,False,420,5.371428571428571,2.826345925840821,0.5371428571428571,0.2826345925840821,-0.1240450742373058,2.514008128119933,69.52,0.0,0.0,16
mistral_7b,newsroom,flu,0,100,False,420,55.97142857142857,29.669916507773177,0.5597142857142857,0.2966991650777317,-0.1013232867771714,2.38831912898504,100.0,1.43,0.0,14
mistral_7b,newsroom,inf,0,1,False,420,0.6197619047619046,0.3809167394041335,0.6197619047619046,0.3809167394041335,-0.6028801402803298,1.9631751274015947,45.24,20.24,25.0,13
mistral_7b,newsroom,inf,1,3,False,420,1.9754761904761904,0.8958334836259959,0.4877380952380952,0.4479167418129979,-0.4513138766971333,1.6703471657451456,80.24,25.24,27.86,8
mistral_7b,newsroom,inf,1,5,True,420,3.267857142857143,1.6574622537026231,0.5669642857142857,0.4143655634256558,-0.503794655297307,1.8769726410990468,79.05,24.52,25.0,11
mistral_7b,newsroom,inf,0,10,False,420,6.265476190476191,3.7054173355218016,0.626547619047619,0.3705417335521802,-0.7409829735017052,2.282256159258265,88.33,18.57,20.0,14
mistral_7b,newsroom,inf,0,100,False,420,63.345238095238095,37.8082549715129,0.6334523809523809,0.378082549715129,-0.7812101212973788,2.133666374632184,100.0,20.24,20.48,13
mistral_7b,newsroom,rel,0,1,False,420,0.6061904761904762,0.352723771465599,0.6061904761904762,0.352723771465599,-0.5170869076721187,2.1694606703925494,35.0,15.0,20.0,16
mistral_7b,newsroom,rel,1,3,False,420,2.0138095238095235,0.7672770418544504,0.5069047619047619,0.3836385209272252,-0.186713678944744,1.6372727814496728,72.38,26.19,22.86,8
mistral_7b,newsroom,rel,1,5,True,420,3.1809523809523808,1.516141420599093,0.5452380952380952,0.3790353551497732,-0.3709149522252166,1.9325346847110711,77.86,25.0,17.86,12
mistral_7b,newsroom,rel,0,10,False,420,6.104761904761904,3.457011672704537,0.6104761904761904,0.3457011672704537,-0.6774834979738122,2.4380625080515785,83.81,14.05,13.57,14
mistral_7b,newsroom,rel,0,100,False,420,60.36904761904762,35.927102040071816,0.6036904761904762,0.3592710204007182,-0.612620969034007,2.315063815107973,100.0,15.48,13.1,13
mistral_7b,tc,coh,0,1,True,360,0.65625,0.3062018102675278,0.65625,0.3062018102675278,-0.6045108857422823,1.96192960772852,25.56,7.5,18.06,11
mistral_7b,tc,coh,1,3,False,360,1.9475,0.6819859684121888,0.47375,0.3409929842060945,-0.0990230478440532,1.6365872182703245,63.61,25.0,11.39,6
mistral_7b,tc,coh,1,5,False,360,3.3513888888888888,1.348661173118194,0.5878472222222222,0.3371652932795485,-0.5027866322316676,1.990261450867051,66.39,15.0,14.44,9
mistral_7b,tc,coh,0,10,False,360,6.301388888888889,2.858247960608209,0.6301388888888889,0.2858247960608209,-0.6416274249583299,2.396480139312257,85.83,1.11,11.11,16
mistral_7b,tc,coh,0,100,False,360,64.23611111111111,30.64650290705448,0.6423611111111112,0.3064650290705448,-0.7384759820573007,2.27600709714434,100.0,5.28,13.89,14
mistral_7b,tc,eng,0,1,False,360,0.6284722222222222,0.2631046460706283,0.6284722222222222,0.2631046460706283,-0.6211277530542801,2.234383607275159,8.89,4.44,4.44,13
mistral_7b,tc,eng,1,3,True,360,1.9708333333333332,0.5921799416843949,0.4854166666666666,0.2960899708421974,-0.2652488021947155,1.598516456172658,52.5,16.94,4.17,6
mistral_7b,tc,eng,1,5,False,360,3.3777777777777778,1.147608893673932,0.5944444444444444,0.286902223418483,-0.6450899902925018,1.9693561868889613,48.33,8.89,3.33,9
mistral_7b,tc,eng,0,10,False,360,6.123611111111111,2.4473621318311247,0.6123611111111111,0.2447362131831124,-0.7784382028710493,2.312054428669583,85.83,1.39,1.67,16
mistral_7b,tc,eng,0,100,False,360,60.975,25.288269953126928,0.60975,0.2528826995312693,-0.7986799628034221,2.265340377748441,100.0,3.06,1.67,15
mistral_7b,tc,gro,0,1,True,360,0.3530555555555555,0.3718633219973618,0.3530555555555555,0.3718633219973618,0.5458581898909477,1.569337513392549,57.5,43.89,13.61,11
mistral_7b,tc,gro,1,3,False,360,1.5827777777777776,0.6748934529535059,0.2913888888888889,0.3374467264767529,0.7106869986250082,1.2292686414045653,90.83,50.83,9.17,7
mistral_7b,tc,gro,1,5,False,360,2.6,1.4642973286415115,0.4,0.3660743321603779,0.2778664697820541,1.7052798339308426,92.78,36.11,11.67,8
mistral_7b,tc,gro,0,10,False,360,4.454166666666667,3.578094523159871,0.4454166666666666,0.3578094523159871,0.1193133680152338,2.2672747394234585,97.5,22.5,11.11,13
mistral_7b,tc,gro,0,100,False,360,42.02305555555555,37.96915775552021,0.4202305555555556,0.3796915775552021,0.2081217084180188,1.977337802983392,99.72,33.06,11.94,12
mistral_7b,tc,nat,0,1,False,360,0.94625,0.3491554791366034,0.94625,0.3491554791366034,0.8653273518607282,1.1632681117088,74.44,2.78,67.5,10
mistral_7b,tc,nat,1,3,True,360,2.0719444444444446,0.5382756390365877,0.5359722222222222,0.2691378195182938,-0.4316608082157069,1.4634419183884182,45.56,9.44,6.11,6
mistral_7b,tc,nat,1,5,False,360,3.216666666666667,1.0981044273352756,0.5541666666666667,0.2745261068338189,-0.3588866894361959,1.953504458002659,35.56,6.94,2.78,9
mistral_7b,tc,nat,0,10,False,360,6.356944444444444,2.59426859682438,0.6356944444444445,0.2594268596824379,-0.7772916040782321,2.406031557102468,59.17,0.83,3.89,19
mistral_7b,tc,nat,0,100,False,360,70.20833333333333,23.71470330360002,0.7020833333333333,0.2371470330360001,-1.2771981196800783,2.293072889674126,100.0,2.22,5.0,16
mistral_7b,wp_a,coh,0,1,False,400,0.55175,0.3484385706261578,0.55175,0.3484385706261578,-0.1959763296786678,2.307975448104947,20.25,12.75,7.5,15
mistral_7b,wp_a,coh,1,3,False,400,1.79625,0.7389931917818999,0.398125,0.36949659589095,0.226245232271491,1.599664681380095,57.75,37.75,8.0,7
mistral_7b,wp_a,coh,1,5,True,400,2.79625,1.5736457471426026,0.4490625,0.3934114367856506,0.0555238236356235,1.921684391950438,57.75,33.5,7.75,10
mistral_7b,wp_a,coh,0,10,False,400,5.33375,3.397129072834884,0.5333749999999999,0.3397129072834884,-0.1702584317996638,2.5983663182155023,67.25,5.0,4.25,19
mistral_7b,wp_a,coh,0,100,False,400,49.81875,34.699355519051075,0.4981875,0.3469935551905107,-0.1402697085779755,2.3477290559898525,99.75,11.5,1.25,15
mistral_7b,wp_a,enj,0,1,False,400,0.630625,0.4638489618130023,0.630625,0.4638489618130023,7.886002492337129,1.823356563613704,6.0,6.0,0.0,16
mistral_7b,wp_a,enj,1,3,False,400,1.9905,0.642113502427725,0.4952499999999999,0.3210567512138625,-0.3241866883204871,1.6272603651792688,41.25,19.75,3.0,6
mistral_7b,wp_a,enj,1,5,True,400,3.261,1.361590613951198,0.56525,0.3403976534877995,-0.6170406542733461,1.895930659124619,38.0,19.5,0.75,10
mistral_7b,wp_a,enj,0,10,False,400,6.24875,2.642441756690202,0.624875,0.2642441756690202,-1.000470076922038,2.3374173270527603,51.25,1.0,0.0,16
mistral_7b,wp_a,enj,0,100,False,400,56.68625,29.596911763518506,0.5668625,0.295969117635185,-0.7239363047569973,2.252128069009192,99.75,7.25,0.0,15
mistral_7b,wp_a,gra,0,1,False,400,0.908575,0.1464538131118476,0.908575,0.1464538131118476,-3.589595873393296,1.1955845018961209,16.75,0.5,16.25,13
mistral_7b,wp_a,gra,1,3,False,400,2.5267500000000003,0.5766796662792958,0.763375,0.2883398331396479,-1.4416214073350049,1.552124408411636,55.0,7.5,36.5,6
mistral_7b,wp_a,gra,1,5,True,400,4.3585,0.9937443081598,0.8396250000000001,0.24843607703995,-2.127626382049491,1.603153899521117,54.5,4.0,41.5,10
mistral_7b,wp_a,gra,0,10,False,400,8.775,1.6494317203206683,0.8774999999999998,0.1649431720320668,-2.605370724673547,1.82330879821364,36.5,0.25,18.25,15
mistral_7b,wp_a,gra,0,100,False,400,87.99875,18.02624817973779,0.8799875,0.1802624817973779,-2.6561218962153683,1.694418992665527,99.75,0.25,20.25,15
mistral_7b,wp_a,rel,0,1,False,400,0.298125,0.3490920141953981,0.298125,0.3490920141953981,0.8567129358482806,1.678961701850211,53.0,45.75,7.25,14
mistral_7b,wp_a,rel,1,3,False,400,1.4345,0.681402781033362,0.21725,0.340701390516681,1.2538574690889444,1.1319781921392031,86.75,65.5,9.0,7
mistral_7b,wp_a,rel,1,5,True,400,2.09275,1.494146056280978,0.2731875,0.3735365140702444,0.8708866226326237,1.3607413640607628,92.75,60.25,9.25,10
mistral_7b,wp_a,rel,0,10,False,400,3.40625,3.696361175196493,0.340625,0.3696361175196493,0.6080273159338747,2.118492383862088,94.75,36.0,8.25,15
mistral_7b,wp_a,rel,0,100,False,400,32.49125,38.11347266305578,0.3249125,0.3811347266305578,0.6648209523549908,1.8718235518539772,99.75,43.5,7.75,12
llama31_8b,summeval,coh,0,1,False,1599,0.7549718574108818,0.1338279764774343,0.7549718574108818,0.1338279764774343,-2.401389228470534,0.999412351763246,0.5,0.5,0.0,9
llama31_8b,summeval,coh,1,3,False,1599,2.3893058161350846,0.2403967034285845,0.6946529080675422,0.1201983517142922,-2.57240649476538,0.5534045440571598,19.76,0.88,0.0,4
llama31_8b,summeval,coh,1,5,True,1599,3.8983739837398375,0.4693453268873533,0.7245934959349594,0.1173363317218383,-3.619084178442946,0.4530131833956976,97.56,0.44,0.63,8
llama31_8b,summeval,coh,0,10,False,1597,7.350344395742017,1.3711017628888211,0.7350344395742016,0.1371101762888821,-2.422948897179248,1.202851540137594,89.42,0.63,0.0,14
llama31_8b,summeval,coh,0,100,False,1597,71.52244207889792,19.17954914734015,0.7152244207889793,0.1917954914734015,-1.5180229794863926,1.611720754234992,99.87,0.69,0.44,13
llama31_8b,summeval,con,0,1,False,1565,0.8283821086261982,0.1623404215204933,0.8283821086261982,0.1623404215204933,-3.601526557752148,1.1656858306754656,4.92,2.3,3.07,10
llama31_8b,summeval,con,1,3,False,1571,2.3316359007001908,0.3630075373075268,0.6658179503500955,0.1815037686537634,-1.0179021868307585,1.0135762334285472,43.22,2.16,7.38,7
llama31_8b,summeval,con,1,5,True,1553,4.017385705086928,0.6061131941287928,0.7543464262717321,0.1515282985321982,-2.2982976711486347,0.6284147020775802,100.0,1.09,12.36,6
llama31_8b,summeval,con,0,10,False,1524,7.984251968503937,1.6044397979110332,0.7984251968503938,0.1604439797911033,-3.1213235051094954,1.4078458926291617,90.94,2.03,0.52,12
llama31_8b,summeval,con,0,100,False,1529,82.66559843034663,22.54840865376444,0.8266559843034662,0.2254840865376443,-2.7043944231151027,1.7024007763432083,99.61,4.05,9.94,17
llama31_8b,summeval,flu,0,1,False,1550,0.6458709677419354,0.1826482150130424,0.6458709677419354,0.1826482150130424,-1.0370473591322753,1.4903777287856812,0.19,0.19,0.0,7
llama31_8b,summeval,flu,1,3,False,1451,1.9529979324603723,0.3733123836201537,0.4764989662301861,0.1866561918100768,-0.5247619536530448,1.3679188398162925,54.31,5.44,0.0,7
llama31_8b,summeval,flu,1,5,True,1342,3.023845007451565,0.9535551799415728,0.5059612518628912,0.2383887949853932,-0.1377732320305279,1.552396826046274,84.2,2.76,0.0,8
llama31_8b,summeval,flu,0,10,False,1296,6.1940586419753085,1.80329864319838,0.6194058641975309,0.180329864319838,-1.0209203446811643,1.8141441382787895,91.28,0.77,0.0,13
llama31_8b,summeval,flu,0,100,False,1391,63.00431344356578,19.27440005732002,0.6300431344356577,0.1927440005732002,-0.7194800669892097,1.6155201469076408,100.0,0.0,0.0,10
llama31_8b,summeval,rel,0,1,False,1600,0.8168500000000001,0.1224426498406499,0.8168500000000001,0.1224426498406499,-3.067373311481313,1.1205211919095528,0.38,0.38,0.0,10
llama31_8b,summeval,rel,1,3,False,1600,2.363125,0.2613957428402383,0.6815625,0.1306978714201191,-1.8527452689584007,0.7097135424330769,26.31,0.94,0.12,7
llama31_8b,summeval,rel,1,5,True,1598,3.954943679599499,0.391361623671229,0.7387359198998749,0.0978404059178072,-4.78943109391731,0.2402484855881865,100.0,0.56,1.69,5
llama31_8b,summeval,rel,0,10,False,1590,7.6716981132075475,1.1724366968989983,0.7671698113207548,0.1172436696898998,-3.905490051176622,0.9890539751273204,94.97,0.63,0.0,12
llama31_8b,summeval,rel,0,100,False,1581,80.5426312460468,17.7094039894341,0.805426312460468,0.177094039894341,-2.53353995543216,1.5378213777555028,99.56,1.14,0.0,19
llama31_8b,newsroom,coh,0,1,False,414,0.6079710144927535,0.2915214779509398,0.6079710144927535,0.2915214779509398,-0.9697523642185948,1.5550342423758607,10.39,10.14,0.24,8
llama31_8b,newsroom,coh,1,3,False,413,2.175544794188862,0.4603478062454846,0.587772397094431,0.2301739031227423,-1.438329866142895,1.0140479204390402,44.55,9.69,0.73,5
llama31_8b,newsroom,coh,1,5,True,413,3.476997578692494,0.990916953732807,0.6192493946731235,0.2477292384332017,-1.3994976549014422,0.9583786007046706,96.61,6.78,0.73,7
llama31_8b,newsroom,coh,0,10,False,409,5.960880195599022,2.9101769340716888,0.5960880195599022,0.2910176934071689,-1.0897745192015458,1.7032798747840654,87.78,12.22,0.0,13
llama31_8b,newsroom,coh,0,100,False,404,51.88366336633664,32.396733584974065,0.5188366336633664,0.3239673358497406,-0.3928480224966275,1.8212303907380312,100.0,15.35,0.25,10
llama31_8b,newsroom,flu,0,1,False,359,0.564066852367688,0.2381828982605534,0.564066852367688,0.2381828982605534,-0.6083044698847379,1.652491907080098,1.95,1.95,0.0,7
llama31_8b,newsroom,flu,1,3,False,342,1.784502923976608,0.4938447606811973,0.3922514619883041,0.2469223803405986,-0.2878814847604818,1.5518380672241094,57.02,20.76,0.0,6
llama31_8b,newsroom,flu,1,5,True,308,2.74025974025974,1.136354359887925,0.435064935064935,0.2840885899719813,0.0410652155871809,1.5023368592449002,90.26,13.64,0.0,6
llama31_8b,newsroom,flu,0,10,False,295,5.396610169491526,2.513756463919403,0.5396610169491525,0.2513756463919403,-0.5777698619933764,2.0089701014034125,92.54,5.08,0.0,13
llama31_8b,newsroom,flu,0,100,False,315,53.22857142857143,24.37299721407441,0.5322857142857143,0.2437299721407441,-0.2638337972177156,1.7019820923059126,100.0,1.27,0.0,11
llama31_8b,newsroom,inf,0,1,False,404,0.677351485148515,0.3248581796018533,0.677351485148515,0.3248581796018533,-1.3348917836341223,1.6337109916814505,18.07,15.59,2.48,9
llama31_8b,newsroom,inf,1,3,False,394,2.1682741116751267,0.4874918361829489,0.5841370558375635,0.2437459180914744,-1.254856855757691,1.1484348372179538,51.27,9.64,3.81,7
llama31_8b,newsroom,inf,1,5,True,389,3.620822622107969,1.0759360565772464,0.6552056555269923,0.2689840141443116,-1.3124682380374308,1.0628349256526628,99.74,7.46,10.8,7
llama31_8b,newsroom,inf,0,10,False,390,6.255128205128205,2.919810646999677,0.6255128205128204,0.2919810646999678,-1.354108469623451,1.5347323121046834,98.72,13.59,0.26,13
llama31_8b,newsroom,inf,0,100,False,388,57.381443298969074,36.48633575581358,0.5738144329896907,0.3648633575581358,-0.6619698732663871,1.8724132778549256,99.48,21.13,4.12,13
llama31_8b,newsroom,rel,0,1,False,416,0.6581730769230769,0.2689554739496031,0.6581730769230769,0.2689554739496031,-1.2462604058601907,1.681414410105876,7.69,7.21,0.48,11
llama31_8b,newsroom,rel,1,3,False,412,2.124029126213592,0.4194660025639783,0.5620145631067961,0.2097330012819891,-1.4677228804187534,1.017559559817092,57.77,7.52,0.0,7
llama31_8b,newsroom,rel,1,5,True,403,3.6228287841191062,0.8941080576888232,0.6557071960297767,0.2235270144222058,-1.965206268094403,0.7003085693845206,99.5,4.96,0.99,8
llama31_8b,newsroom,rel,0,10,False,399,6.19172932330827,2.7756923346724127,0.6191729323308269,0.2775692334672412,-1.2925981755537692,1.8090000681788443,89.22,10.03,0.0,15
llama31_8b,newsroom,rel,0,100,False,396,54.25883838383838,34.12139347374374,0.5425883838383838,0.3412139347374374,-0.4646182145036225,1.8938577889333583,98.74,16.16,0.0,14
llama31_8b,tc,coh,0,1,True,145,0.5724137931034483,0.2758017175362713,0.5724137931034483,0.2758017175362713,-0.9862455903734312,1.4310612991392062,11.72,11.72,0.0,7
llama31_8b,tc,coh,1,3,False,170,1.876470588235294,0.4263793005745911,0.438235294117647,0.2131896502872955,-1.0985431688419314,0.8689007634893103,87.06,16.47,0.0,4
llama31_8b,tc,coh,1,5,False,149,3.057046979865772,1.028992798323169,0.514261744966443,0.2572481995807922,-0.3612974980674581,1.1231289650866387,96.64,4.7,0.0,5
llama31_8b,tc,coh,0,10,False,131,5.50763358778626,2.475825664440839,0.550763358778626,0.2475825664440838,-0.8032362603058062,1.441583779429772,97.71,3.82,0.0,7
llama31_8b,tc,coh,0,100,False,37,33.56216216216217,31.38527242282253,0.3356216216216216,0.3138527242282253,0.5640002302298868,2.037770396382001,94.59,21.62,0.0,12
llama31_8b,tc,eng,0,1,False,182,0.5175824175824176,0.2514107040450764,0.5175824175824176,0.2514107040450764,-0.2737673816842507,1.5741860684380524,4.4,4.4,0.0,6
llama31_8b,tc,eng,1,3,True,202,1.9702970297029705,0.3842298596422229,0.4851485148514851,0.1921149298211114,-1.2076115956734554,0.8810949137240928,80.2,9.9,0.0,4
llama31_8b,tc,eng,1,5,False,155,2.9612903225806453,0.8917823470009242,0.4903225806451612,0.222945586750231,-0.0266178397355438,1.1870451983068504,98.71,1.29,0.0,5
llama31_8b,tc,eng,0,10,False,159,5.135220125786163,2.7952596523170588,0.5135220125786164,0.2795259652317058,-0.7358853279953603,1.6427003666739295,91.82,11.95,0.0,7
llama31_8b,tc,eng,0,100,False,105,23.685714285714287,29.42085890614872,0.2368571428571428,0.2942085890614871,1.307016043398513,1.4347704238594483,96.19,9.52,0.0,12
llama31_8b,tc,gro,0,1,True,219,0.5045662100456622,0.3663682915704969,0.5045662100456622,0.3663682915704969,-0.4955356183281194,1.3458711059319282,30.14,30.14,0.0,7
llama31_8b,tc,gro,1,3,False,247,1.865587044534413,0.4248242784075124,0.4327935222672065,0.2124121392037561,-1.0393505180497802,0.8253474496160013,91.5,17.0,0.81,6
llama31_8b,tc,gro,1,5,False,183,3.19672131147541,1.0052268666725177,0.5491803278688525,0.2513067166681293,-0.2718091468225611,0.9770069691727452,100.0,0.55,2.73,5
llama31_8b,tc,gro,0,10,False,186,4.981182795698925,3.140255571224616,0.4981182795698923,0.3140255571224616,-0.6117533330375959,1.4952186025839538,97.31,20.97,0.0,7
llama31_8b,tc,gro,0,100,False,150,28.22733333333333,36.31469472388401,0.2822733333333334,0.36314694723884,0.6681812133505478,1.6598840455420167,96.0,52.0,0.67,18
llama31_8b,tc,nat,0,1,False,174,0.8247126436781609,0.2324746387377112,0.8247126436781609,0.2324746387377112,0.0426326068927885,1.255987381932901,44.83,0.57,43.68,8
llama31_8b,tc,nat,1,3,True,198,1.808080808080808,0.3873444341174547,0.404040404040404,0.1936722170587273,-1.563959464925699,0.5688636243957461,97.98,18.18,0.0,3
llama31_8b,tc,nat,1,5,False,171,2.0233918128654973,0.3097483674872896,0.2558479532163742,0.0774370918718224,-1.358461173001494,0.7031086113362709,82.46,5.26,0.0,4
llama31_8b,tc,nat,0,10,False,151,2.9006622516556293,2.7680891319134666,0.2900662251655629,0.2768089131913466,0.9036738750155928,1.7034966292057117,88.08,5.3,0.0,8
llama31_8b,tc,nat,0,100,False,64,33.30984375,29.353527976430463,0.3330984375,0.2935352797643046,0.0454435566752646,1.895468357698848,90.62,25.0,0.0,16
llama31_8b,wp_a,coh,0,1,False,396,0.5843434343434344,0.3003488262111026,0.5843434343434344,0.3003488262111026,-0.7574170575033538,1.525151434613295,9.34,9.34,0.0,6
llama31_8b,wp_a,coh,1,3,False,397,2.045340050377834,0.4909351562993606,0.5226700251889169,0.2454675781496803,-1.0921212815030723,1.0498833398037537,60.2,14.36,0.0,4
llama31_8b,wp_a,coh,1,5,True,395,3.3367088607594937,1.009094996869124,0.5841772151898734,0.2522737492172809,-0.7178780735798856,1.1768197698669585,89.87,2.78,0.25,7
llama31_8b,wp_a,coh,0,10,False,392,5.822704081632653,2.913256091607716,0.5822704081632653,0.2913256091607715,-0.7280744479176571,1.8986821599689176,70.15,6.63,0.0,13
llama31_8b,wp_a,coh,0,100,False,394,49.56345177664975,29.875541908539372,0.4956345177664975,0.2987554190853937,-0.0526156538235369,1.8448078028369592,98.98,6.09,0.0,11
llama31_8b,wp_a,enj,0,1,False,375,0.6655999999999999,0.2183956043513697,0.6655999999999999,0.2183956043513697,-1.4842459671312764,1.1805787840847,2.13,2.13,0.0,8
llama31_8b,wp_a,enj,1,3,False,379,2.1353562005277045,0.3879661700594911,0.5676781002638522,0.1939830850297455,-1.142127113753446,1.099305164652455,53.3,4.49,0.53,7
llama31_8b,wp_a,enj,1,5,True,359,3.5905292479108635,0.8061528699332794,0.6476323119777159,0.2015382174833198,-1.7226811768507173,0.9960694355308002,96.1,3.34,0.28,7
llama31_8b,wp_a,enj,0,10,False,340,6.249705882352941,2.8644935752950422,0.624970588235294,0.2864493575295042,-1.2520146340172682,1.8855247259335195,67.94,10.0,0.0,13
llama31_8b,wp_a,enj,0,100,False,342,59.5453216374269,27.705085748983663,0.5954532163742691,0.2770508574898366,-0.7749944813210455,1.964792552571172,98.54,3.51,0.0,17
llama31_8b,wp_a,gra,0,1,False,390,0.7441025641025639,0.2044469456440202,0.7441025641025639,0.2044469456440202,-0.8612212742927874,1.4144586984652112,1.54,1.28,0.0,9
llama31_8b,wp_a,gra,1,3,False,393,2.281679389312977,0.3736488520507092,0.6408396946564885,0.1868244260253546,-1.4700426967011206,1.0477572133286106,34.1,3.31,2.04,8
llama31_8b,wp_a,gra,1,5,True,381,3.6196850393700783,0.7708984467720098,0.6549212598425196,0.1927246116930024,-1.1389793540682929,1.1072442227137298,97.11,0.79,3.41,9
llama31_8b,wp_a,gra,0,10,False,351,7.0,2.5781240557280496,0.6999999999999998,0.2578124055728049,-1.709294161491436,1.932540854267912,35.04,7.41,0.0,13
llama31_8b,wp_a,gra,0,100,False,338,73.94378698224853,25.731139008074404,0.739437869822485,0.257311390080744,-1.5538528103465326,2.2885225361083283,96.45,2.66,0.3,24
llama31_8b,wp_a,rel,0,1,False,396,0.6133838383838384,0.326362975936356,0.6133838383838384,0.326362975936356,-1.0280274731519232,1.4530718997187837,16.41,16.41,0.0,8
llama31_8b,wp_a,rel,1,3,False,397,2.003778337531486,0.5340882022594229,0.5018891687657431,0.2670441011297114,-0.8086418073239319,1.1607691061592678,64.48,17.88,1.76,5
llama31_8b,wp_a,rel,1,5,True,395,3.286075949367089,1.1585383826637383,0.5715189873417722,0.2896345956659346,-0.663448438650023,1.1572440392459964,99.49,8.61,6.08,6
llama31_8b,wp_a,rel,0,10,False,394,5.24238578680203,3.5096321980927514,0.5242385786802031,0.3509632198092751,-0.5701391810162978,1.7332357037550332,92.64,23.6,0.0,11
llama31_8b,wp_a,rel,0,100,False,394,45.60406091370558,38.586074047673385,0.4560406091370558,0.3858607404767338,0.0161895783668516,2.0696016858098574,98.48,27.41,1.02,15
llama31_70b,summeval,coh,0,1,False,1600,0.481,0.2431851146760426,0.481,0.2431851146760426,-0.0218831893261096,1.7827170704879407,4.06,3.56,0.5,10
llama31_70b,summeval,coh,1,3,False,1600,2.0896875,0.3521184493089648,0.54484375,0.1760592246544823,-1.007911818912646,0.8300142225179818,73.44,5.44,1.12,4
llama31_70b,summeval,coh,1,5,True,1600,3.0290625,1.0807689952500257,0.507265625,0.2701922488125064,-0.0448592601253202,1.3742475370824565,96.19,4.38,3.56,8
llama31_70b,summeval,coh,0,10,False,1600,5.5078125,2.4438254264254944,0.55078125,0.2443825426425494,-0.4390174029136935,1.4186506154288014,99.19,1.31,0.0,7
llama31_70b,summeval,coh,0,100,False,1600,57.649375,24.76386353357196,0.57649375,0.2476386353357196,-0.5251542974020391,1.7414130173958131,100.0,3.25,0.88,13
llama31_70b,summeval,con,0,1,False,1600,0.78933125,0.3016661901397594,0.78933125,0.3016661901397594,-1.6768338299028729,1.5730020125542563,55.38,9.75,45.62,10
llama31_70b,summeval,con,1,3,False,1599,2.6676047529706066,0.5042545232990882,0.8338023764853033,0.2521272616495441,-1.4094360536785913,0.9647898826730188,88.93,3.0,64.23,4
llama31_70b,summeval,con,1,5,True,1598,4.488735919899875,0.9234794512982332,0.8721839799749687,0.2308698628245583,-2.1338205768281204,0.9637154813084146,98.37,1.75,66.9,6
llama31_70b,summeval,con,0,10,False,1600,8.1596875,1.8072682845509545,0.8159687500000001,0.1807268284550954,-3.208515677412138,1.15995595900643,99.56,2.5,2.62,8
llama31_70b,summeval,con,0,100,False,1600,88.897125,25.252866752794127,0.8889712499999999,0.2525286675279413,-2.7082941641487634,1.2620348016381038,99.88,5.5,59.75,13
llama31_70b,summeval,flu,0,1,False,1576,0.3223350253807107,0.1739249194500604,0.3223350253807107,0.1739249194500604,1.3237456956465783,1.175048638037128,0.51,0.44,0.06,9
llama31_70b,summeval,flu,1,3,False,1573,1.7794024157660522,0.4645422647590869,0.3897012078830261,0.2322711323795434,-0.5736983015676391,1.1151978162699956,80.42,21.17,0.38,5
llama31_70b,summeval,flu,1,5,True,1564,2.291240409207161,0.7828851787286424,0.3228101023017903,0.1957212946821606,1.754508262313304,1.0607311150473084,86.38,2.24,0.51,9
llama31_70b,summeval,flu,0,10,False,1574,4.281130876747141,2.334190050916773,0.4281130876747141,0.2334190050916773,0.3246180102598793,1.537485444869609,82.4,0.0,0.0,10
llama31_70b,summeval,flu,0,100,False,1577,54.64362714013951,18.854711308430588,0.5464362714013951,0.1885471130843058,0.1527483215718277,1.460758059472581,100.0,0.13,0.0,11
llama31_70b,summeval,rel,0,1,False,1600,0.6263125,0.2108053660221912,0.6263125,0.2108053660221912,-1.055244602710915,1.5811064914484394,2.44,2.44,0.0,9
llama31_70b,summeval,rel,1,3,False,1600,2.2575,0.3728354194547508,0.62875,0.1864177097273754,-1.2587671558077629,0.9452366347406136,47.12,4.0,3.31,4
llama31_70b,summeval,rel,1,5,True,1600,3.63375,0.9306843919933332,0.6584375,0.2326710979983332,-0.961309979107276,1.3388730324528315,85.12,1.06,4.62,6
llama31_70b,summeval,rel,0,10,False,1600,7.015,1.8129982073901785,0.7015,0.1812998207390178,-1.7760096139366577,1.5342063793902687,85.38,1.06,0.0,10
llama31_70b,summeval,rel,0,100,False,1600,69.340625,22.411344216922263,0.6934062500000002,0.2241134421692226,-1.2653921635401335,1.7294475015012707,100.0,1.94,0.25,12
llama31_70b,newsroom,coh,0,1,False,420,0.1966666666666666,0.2340906078816762,0.1966666666666666,0.2340906078816762,1.2417547294899534,1.5530895285017776,41.9,41.9,0.0,9
llama31_70b,newsroom,coh,1,3,False,420,1.436904761904762,0.5565154688956826,0.2184523809523809,0.2782577344478413,0.6748463247376856,0.8832889439775532,94.05,60.24,0.95,4
llama31_70b,newsroom,coh,1,5,True,420,1.826190476190476,1.058763772341868,0.206547619047619,0.264690943085467,1.447304071960632,1.1218828674582633,98.57,46.43,2.38,7
llama31_70b,newsroom,coh,0,10,False,420,2.4857142857142858,2.6112915458475654,0.2485714285714285,0.2611291545847565,1.1432403655799344,1.294413337235896,99.05,30.24,0.0,7
llama31_70b,newsroom,coh,0,100,False,420,21.89761904761905,28.33820396311092,0.2189761904761904,0.2833820396311092,1.1069307553820174,1.52395220889772,100.0,49.05,0.24,13
llama31_70b,newsroom,flu,0,1,False,396,0.3328282828282828,0.2816493285108038,0.3328282828282828,0.2816493285108038,0.720683938343518,1.8365003294129636,17.17,16.41,0.76,9
llama31_70b,newsroom,flu,1,3,False,389,1.6208226221079691,0.6578013873466527,0.3104113110539845,0.3289006936733263,0.4430267634968519,1.3228875468022232,74.04,47.3,3.86,5
llama31_70b,newsroom,flu,1,5,True,386,2.3691709844559585,1.3205658375810263,0.3422927461139896,0.3301414593952566,0.757303118598365,1.660703098986456,85.75,26.68,7.25,9
llama31_70b,newsroom,flu,0,10,False,394,4.011421319796955,3.003888598269666,0.4011421319796954,0.3003888598269666,0.4900602244516243,1.432149749562876,87.56,8.12,0.0,9
llama31_70b,newsroom,flu,0,100,False,398,44.99748743718593,32.67246460608339,0.4499748743718593,0.3267246460608339,0.2489297433895262,2.0964860647268475,100.0,12.31,0.25,16
llama31_70b,newsroom,inf,0,1,False,420,0.4385714285714285,0.3515785587791117,0.4385714285714285,0.3515785587791117,0.026220036703247,1.9367239424604692,34.29,28.33,5.95,9
llama31_70b,newsroom,inf,1,3,False,418,1.9784688995215312,0.6991214926412659,0.4892344497607656,0.3495607463206329,-0.1858720810221749,1.3372288647859167,80.38,27.99,16.03,4
llama31_70b,newsroom,inf,1,5,True,419,3.0405727923627683,1.5166618464231842,0.5101431980906921,0.379165461605796,-0.0660781959969083,1.566356238286729,95.7,21.72,20.53,6
llama31_70b,newsroom,inf,0,10,False,420,5.258333333333334,3.5133150921185443,0.5258333333333334,0.3513315092118544,-0.5099642223850194,1.630673215617798,97.86,22.38,1.43,9
llama31_70b,newsroom,inf,0,100,False,419,52.85202863961814,40.30216496241723,0.5285202863961814,0.4030216496241723,-0.2001884967780305,1.902195339414399,100.0,27.68,21.0,10
llama31_70b,newsroom,rel,0,1,False,420,0.288095238095238,0.2685963345425719,0.288095238095238,0.2685963345425719,0.6547650148684131,1.7473976203430408,28.33,28.33,0.0,9
llama31_70b,newsroom,rel,1,3,False,420,1.6488095238095235,0.6093505613158683,0.3244047619047619,0.3046752806579341,0.1670111619333949,1.078055290484309,87.86,43.81,2.62,4
llama31_70b,newsroom,rel,1,5,True,420,2.3130952380952383,1.318438809991427,0.3282738095238095,0.3296097024978567,0.6750023934167395,1.446521658584207,95.0,34.29,5.0,8
llama31_70b,newsroom,rel,0,10,False,420,3.5369047619047618,3.2330797554677524,0.3536904761904762,0.3233079755467752,0.372631017316592,1.6862275915224665,91.19,29.76,0.0,8
llama31_70b,newsroom,rel,0,100,False,420,30.964285714285715,31.885078772041943,0.3096428571428571,0.3188507877204194,0.6279286259647687,1.872050468591481,100.0,35.71,0.48,15
llama31_70b,tc,coh,0,1,True,343,0.3481049562682216,0.3718061982303291,0.3481049562682216,0.3718061982303291,0.3796978569286058,1.475313221004461,50.44,47.23,3.21,8
llama31_70b,tc,coh,1,3,False,341,1.8299120234604105,0.6557548030793177,0.4149560117302053,0.3278774015396588,0.044203279053526,1.2016336006333392,88.86,32.84,10.26,4
llama31_70b,tc,coh,1,5,False,338,2.912721893491124,1.6378251706212954,0.4781804733727811,0.4094562926553238,0.1333344612575866,1.386827505037553,99.7,28.4,27.81,5
llama31_70b,tc,coh,0,10,False,335,4.186567164179104,3.557665489900124,0.4186567164179103,0.3557665489900124,0.1093161908783913,1.3339510020754792,99.1,25.67,0.6,7
llama31_70b,tc,coh,0,100,False,337,41.56676557863501,45.11399171641724,0.4156676557863501,0.4511399171641724,0.2604279305453031,1.3883008378144168,100.0,51.34,23.15,10
llama31_70b,tc,eng,0,1,False,349,0.3707736389684813,0.3683848862336545,0.3707736389684813,0.3683848862336545,0.3172597796359668,1.4945868056599338,36.39,36.39,0.0,8
llama31_70b,tc,eng,1,3,True,348,1.8448275862068968,0.628857497277944,0.4224137931034483,0.314428748638972,-0.3539821166676888,1.148511503241569,67.82,32.76,1.15,4
llama31_70b,tc,eng,1,5,False,348,2.663793103448276,1.4234931467355267,0.4159482758620689,0.3558732866838817,0.3003279026583262,1.4937055634949328,93.68,26.15,9.77,7
llama31_70b,tc,eng,0,10,False,346,4.355491329479769,3.3375922262046838,0.4355491329479768,0.3337592226204683,0.0599714403080095,1.5482780909398142,91.91,18.21,0.0,8
llama31_70b,tc,eng,0,100,False,346,39.30057803468208,37.27242079966141,0.3930057803468209,0.372724207996614,0.1778771823136573,1.6720404532366793,100.0,38.15,0.0,11
llama31_70b,tc,gro,0,1,True,351,0.1903133903133903,0.3230334565292327,0.1903133903133903,0.3230334565292327,1.299103889844505,0.9000641858312638,75.5,72.36,3.13,5
llama31_70b,tc,gro,1,3,False,352,1.7357954545454546,0.5193116545243265,0.3678977272727273,0.2596558272621632,-0.2741753791327293,0.8209865917765435,98.3,30.4,3.12,4
llama31_70b,tc,gro,1,5,False,350,2.54,1.4956508377864897,0.385,0.3739127094466224,0.3070224643391505,1.2864343114043613,100.0,38.29,10.0,4
llama31_70b,tc,gro,0,10,False,350,3.7142857142857135,3.8631698943552895,0.3714285714285714,0.386316989435529,0.2467609756966786,1.229162496460639,100.0,45.14,2.29,7
llama31_70b,tc,gro,0,100,False,352,32.21590909090909,44.60914828302811,0.3221590909090909,0.4460914828302811,0.7270235618743573,1.021068213579757,100.0,64.2,23.86,6
llama31_70b,tc,nat,0,1,False,346,0.3783236994219653,0.3896323587530563,0.3783236994219653,0.3896323587530563,0.2865344680282191,1.533678886068497,44.22,41.04,3.18,9
llama31_70b,tc,nat,1,3,True,349,1.7822349570200573,0.6926752604420318,0.3911174785100286,0.3463376302210159,0.0603355165431777,1.2495384017608688,77.08,40.11,6.88,4
llama31_70b,tc,nat,1,5,False,349,2.71919770773639,1.582480530222545,0.4297994269340974,0.3956201325556363,0.2224961643926269,1.6178372642612482,87.97,34.67,15.76,6
llama31_70b,tc,nat,0,10,False,342,4.578947368421052,3.534031882723628,0.4578947368421052,0.3534031882723628,-0.1155707574598786,1.4228245039573697,95.32,22.81,0.88,9
llama31_70b,tc,nat,0,100,False,348,46.95402298850575,42.21834542840488,0.4695402298850575,0.4221834542840488,-0.040484298816761,1.9139744555898368,100.0,39.08,10.92,17
llama31_70b,wp_a,coh,0,1,False,396,0.4328282828282829,0.3274219481485237,0.4328282828282829,0.3274219481485237,0.0653943847129254,1.8419954753475232,19.44,19.19,0.25,9
llama31_70b,wp_a,coh,1,3,False,395,2.1151898734177217,0.5360636197825911,0.5575949367088607,0.2680318098912955,-0.8990265308101912,1.2025874047452063,57.72,14.18,5.32,5
llama31_70b,wp_a,coh,1,5,True,393,3.0361323155216287,1.3864364053777314,0.5090330788804072,0.3466091013444328,-0.216667026530965,1.7015987126577372,74.81,18.07,4.58,10
llama31_70b,wp_a,coh,0,10,False,393,5.211195928753181,3.2155279812579995,0.5211195928753181,0.3215527981257999,-0.197399915539953,1.48016261934041,61.32,6.11,0.0,8
llama31_70b,wp_a,coh,0,100,False,386,50.48186528497409,36.18377005196614,0.5048186528497409,0.3618377005196613,-0.1763416099047205,2.13813997741782,100.0,18.65,0.26,15
llama31_70b,wp_a,enj,0,1,False,389,0.5208226221079693,0.3209134486817209,0.5208226221079693,0.3209134486817209,-0.3622415928307319,1.8393100838757963,11.83,11.83,0.0,8
llama31_70b,wp_a,enj,1,3,False,391,2.235549872122762,0.3972921669591455,0.617774936061381,0.1986460834795727,-1.7065195437716545,0.9258971943547312,41.69,6.14,0.26,6
llama31_70b,wp_a,enj,1,5,True,392,3.5017857142857145,1.070819767509825,0.6254464285714286,0.2677049418774562,-0.7896281924346087,1.464573029414157,66.33,2.81,0.77,9
llama31_70b,wp_a,enj,0,10,False,381,6.446194225721785,2.724751418567395,0.6446194225721784,0.2724751418567395,-1.1113692841957334,1.6019357147651951,61.68,3.94,0.0,9
llama31_70b,wp_a,enj,0,100,False,377,63.37931034482759,30.226236193604016,0.6337931034482759,0.3022623619360401,-0.8776551064074657,2.470934862287073,100.0,4.77,0.0,17
llama31_70b,wp_a,gra,0,1,False,399,0.6101503759398497,0.2691599806463861,0.6101503759398497,0.2691599806463861,-0.3681055493058104,1.9111844062503875,0.25,0.25,0.0,9
llama31_70b,wp_a,gra,1,3,False,399,2.312781954887218,0.3766519571397858,0.656390977443609,0.1883259785698929,-0.8120140403402699,1.030932919677246,48.62,2.76,8.27,5
llama31_70b,wp_a,gra,1,5,True,399,3.609022556390977,0.9968716968308092,0.6522556390977443,0.2492179242077023,-0.4840443746526902,1.7384188664053963,41.35,0.0,5.76,7
llama31_70b,wp_a,gra,0,10,False,399,7.017543859649122,2.045765351191696,0.7017543859649122,0.2045765351191695,-1.3782630591707334,1.761536607478921,22.81,0.0,0.0,10
llama31_70b,wp_a,gra,0,100,False,399,78.81203007518798,19.3524818051625,0.7881203007518797,0.1935248180516249,-1.1761902522387384,2.270573123834431,100.0,0.0,1.0,13
llama31_70b,wp_a,rel,0,1,False,396,0.3411616161616162,0.3769865417599083,0.3411616161616162,0.3769865417599083,0.4395537997738915,1.539575211185991,48.23,46.72,1.52,9
llama31_70b,wp_a,rel,1,3,False,389,2.1118251928020566,0.6113443488633665,0.5559125964010283,0.3056721744316832,-0.4915836354313133,1.267404811136819,82.26,14.4,17.74,5
llama31_70b,wp_a,rel,1,5,True,394,3.1713197969543145,1.5014256454436556,0.5428299492385786,0.3753564113609139,-0.4306923285342934,1.65713734078125,89.09,19.04,14.97,7
llama31_70b,wp_a,rel,0,10,False,393,5.213740458015267,3.6811692610591424,0.5213740458015267,0.3681169261059142,-0.5457081625752717,1.5741236178155678,82.19,28.5,0.0,8
llama31_70b,wp_a,rel,0,100,False,383,42.62402088772846,40.65674496621201,0.4262402088772845,0.4065674496621201,0.1138530862561783,1.782077893691656,100.0,41.78,3.39,10
gemini2_flash,summeval,coh,0,1,False,4755,0.8110410094637225,0.1723044446962192,0.8110410094637225,0.1723044446962192,-2.0490387775513343,1.3721947358593036,8.6,0.17,8.43,11
gemini2_flash,summeval,coh,1,3,False,4755,2.329758149316509,0.7001485829797275,0.6648790746582545,0.3500742914898637,-1.3801705771632116,1.4235253262833196,65.68,2.48,28.37,7
gemini2_flash,summeval,coh,1,5,True,4754,3.7376945729911655,1.0508130486504876,0.6844236432477914,0.2627032621626219,-1.0529745954658594,1.444574179673154,98.02,1.75,22.36,10
gemini2_flash,summeval,coh,0,10,False,4754,7.604228018510728,1.9051501738342664,0.7604228018510728,0.1905150173834266,-1.3640869880030695,1.80018158223459,99.85,0.25,10.31,14
gemini2_flash,summeval,coh,0,100,False,4755,81.42060988433228,17.450116858842005,0.8142060988433228,0.17450116858842,-1.7908905461127682,2.009400426478625,100.0,0.0,7.63,17
gemini2_flash,summeval,con,0,1,False,4761,0.9638206259189246,0.2712219630637781,0.9638206259189246,0.2712219630637781,21.177894881037982,0.4259104118536746,85.42,1.18,84.16,12
gemini2_flash,summeval,con,1,3,False,4755,2.831629863301788,0.5821427601349893,0.915814931650894,0.2910713800674946,-3.9999457367043263,0.5363464148591689,93.73,1.28,87.74,8
gemini2_flash,summeval,con,1,5,True,4756,4.714991589571068,0.9441312126899278,0.9287478973927672,0.2360328031724819,-3.496492694304484,0.5165950395926597,99.35,2.84,89.59,9
gemini2_flash,summeval,con,0,10,False,4755,9.392218717139851,1.889035945077483,0.9392218717139852,0.1889035945077483,-3.6779939322716526,0.7616889512647353,99.62,1.18,84.1,13
gemini2_flash,summeval,con,0,100,False,4758,95.3310214375788,16.111382234379292,0.9533102143757882,0.1611138223437929,-4.3391528906131125,0.7809023264448096,100.0,0.59,84.13,20
gemini2_flash,summeval,flu,0,1,False,4800,0.8366458333333334,0.2779778160800586,0.8366458333333334,0.2779778160800586,20.949368856274123,0.7334984399046861,1.56,0.08,1.33,11
gemini2_flash,summeval,flu,1,3,False,4800,2.324583333333333,0.3897753537473719,0.6622916666666666,0.1948876768736859,0.3641552845422309,1.236130914976168,53.1,0.35,11.06,18
gemini2_flash,summeval,flu,1,5,True,4799,3.563700770993957,0.8027246623727228,0.6409251927484894,0.2006811655931807,-1.347897043702916,1.3468392726948726,90.06,0.44,2.56,11
gemini2_flash,summeval,flu,0,10,False,4782,8.010351317440401,1.6749212738159118,0.8010351317440402,0.1674921273815912,-2.941090095610469,1.6279941795018136,88.31,2.26,0.36,14
gemini2_flash,summeval,flu,0,100,False,4797,88.90452366062122,6.500497436692472,0.8890452366062123,0.0650049743669247,-5.704586416145848,0.8571205871302349,100.0,0.0,0.04,22
gemini2_flash,summeval,rel,0,1,False,4752,0.8552819865319866,0.1474726920293048,0.8552819865319866,0.1474726920293048,-2.474888853282432,1.32108136379848,18.18,0.21,17.97,11
gemini2_flash,summeval,rel,1,3,False,4752,2.635774410774411,0.5517721583824858,0.8178872053872055,0.2758860791912429,-2.193568930312572,1.1503309962412318,71.04,2.99,55.64,11
gemini2_flash,summeval,rel,1,5,True,4751,4.287623658177226,1.0320288844879042,0.8219059145443065,0.258007221121976,-1.8605326640915612,1.2264299940696293,98.21,2.34,54.98,9
gemini2_flash,summeval,rel,0,10,False,4752,8.464793771043771,1.8277808478698936,0.8464793771043772,0.1827780847869894,-2.253924580522119,1.585027297956319,99.83,0.46,27.38,14
gemini2_flash,summeval,rel,0,100,False,4752,88.0050505050505,17.392586894119663,0.8800505050505051,0.1739258689411966,-2.648040008371983,1.739564054308356,100.0,0.02,35.98,22
gemini2_flash,newsroom,coh,0,1,False,1237,0.3720291026677446,0.3206604529295784,0.3720291026677446,0.3206604529295784,0.4489366497167863,2.1668876734212743,19.73,16.01,3.72,11
gemini2_flash,newsroom,coh,1,3,False,1260,1.301984126984127,0.9233930871513176,0.1509920634920634,0.4616965435756588,0.2274297874105559,1.4852097835415683,91.98,39.6,8.49,7
gemini2_flash,newsroom,coh,1,5,True,1256,2.1946656050955413,1.4933915626913217,0.2986664012738853,0.3733478906728304,0.5912896043393384,1.6540960310149864,99.12,39.09,11.46,8
gemini2_flash,newsroom,coh,0,10,False,1252,4.285942492012779,3.270991753429826,0.4285942492012781,0.3270991753429826,0.3016086448236256,2.1156367643580807,100.0,13.34,6.87,11
gemini2_flash,newsroom,coh,0,100,False,1258,48.06120826709062,32.29895979172597,0.4806120826709062,0.3229895979172597,0.1436472505260945,2.3604353670802025,100.0,7.0,5.96,22
gemini2_flash,newsroom,flu,0,1,False,1260,0.8086507936507936,0.923079605137068,0.8086507936507936,0.923079605137068,6.090623368046511,1.3871503333121296,6.75,1.43,3.17,15
gemini2_flash,newsroom,flu,1,3,False,1260,1.954603174603175,0.8140840122724072,0.4773015873015873,0.4070420061362036,-0.3199009184411673,1.7595148561182694,68.97,18.25,14.05,13
gemini2_flash,newsroom,flu,1,5,True,1260,2.6365079365079365,1.3979465197779326,0.4091269841269841,0.3494866299444831,-0.1023280072184265,1.936371395386375,87.14,22.3,5.08,11
gemini2_flash,newsroom,flu,0,10,False,1217,6.252423993426459,3.033168510891499,0.6252423993426459,0.30331685108915,-0.8007181732044583,2.191696481163586,93.18,5.18,1.23,18
gemini2_flash,newsroom,flu,0,100,False,1250,74.0088,27.81603714694097,0.7400880000000001,0.2781603714694097,-1.496000023114848,1.984201353743958,100.0,1.2,0.08,34
gemini2_flash,newsroom,inf,0,1,False,1252,0.6957667731629392,0.4652866476217459,0.6957667731629392,0.4652866476217459,3.914998589251704,1.2134227225461178,68.13,21.25,46.81,12
gemini2_flash,newsroom,inf,1,3,False,1260,2.2003968253968256,1.04583444378135,0.6001984126984127,0.522917221890675,-0.8945263768948517,1.269030334619334,91.83,21.19,54.92,6
gemini2_flash,newsroom,inf,1,5,True,1253,3.520750199521149,1.8502303505805588,0.6301875498802874,0.4625575876451397,-0.5906619527070606,1.1000194831268988,99.92,30.65,56.82,7
gemini2_flash,newsroom,inf,0,10,False,1253,7.262968874700718,3.946530268709525,0.7262968874700718,0.3946530268709525,-1.0736537952103162,1.539654956722562,99.6,16.52,53.55,12
gemini2_flash,newsroom,inf,0,100,False,1257,77.03659506762132,37.22385267722768,0.7703659506762133,0.3722385267722768,-1.3465124158083288,1.5578536156396576,100.0,13.68,57.68,19
gemini2_flash,newsroom,rel,0,1,False,1260,0.4795238095238096,0.3450232500628041,0.4795238095238096,0.3450232500628041,-0.0099207680919378,2.2001059459617074,29.84,16.75,13.1,11
gemini2_flash,newsroom,rel,1,3,False,1260,1.778412698412699,0.9557565047367904,0.3892063492063491,0.4778782523683953,-0.2350040337179818,1.5667292252388376,89.52,30.79,24.44,7
gemini2_flash,newsroom,rel,1,5,True,1260,2.7944444444444443,1.691895037625606,0.4486111111111111,0.4229737594064015,0.0207485219904165,1.6707913169053197,99.68,30.08,25.32,7
gemini2_flash,newsroom,rel,0,10,False,1257,5.398568019093079,3.5757867571660698,0.5398568019093078,0.357578675716607,-0.189613686023717,2.254669931087216,99.68,12.33,17.02,13
gemini2_flash,newsroom,rel,0,100,False,1259,59.741858617950754,35.29005089057368,0.5974185861795075,0.3529005089057368,-0.4643948993823518,2.558276900852671,100.0,9.69,18.27,26
gemini2_flash,tc,coh,0,1,True,880,0.6522727272727272,0.344131737700204,0.6522727272727272,0.344131737700204,-0.7777908331906797,1.779138950957883,13.52,2.39,11.14,11
gemini2_flash,tc,coh,1,3,False,819,1.858974358974359,1.169912563893963,0.4294871794871794,0.5849562819469815,-0.3837994455599977,1.603394884228112,87.67,17.34,35.29,7
gemini2_flash,tc,coh,1,5,False,824,3.16990291262136,1.6787556042865666,0.5424757281553398,0.4196889010716416,-0.3333891451316698,1.548709203264677,100.0,22.69,35.07,6
gemini2_flash,tc,coh,0,10,False,849,6.430506478209659,3.3499995397947,0.6430506478209659,0.3349999539794699,-0.7613331892002703,2.144669170787626,99.88,8.83,20.61,12
gemini2_flash,tc,coh,0,100,False,909,71.03410341034103,31.387705489240453,0.7103410341034104,0.3138770548924045,-1.0298802704910073,2.4077879977573,100.0,4.18,17.05,24
gemini2_flash,tc,eng,0,1,False,704,0.484375,0.2666291181542767,0.484375,0.2666291181542767,-0.3690949118190861,1.9690742735134867,1.99,1.56,0.43,11
gemini2_flash,tc,eng,1,3,True,734,1.881743869209809,0.651612303288975,0.4408719346049046,0.3258061516444875,-0.2424120586966055,1.5087985259176278,77.66,20.71,6.81,13
gemini2_flash,tc,eng,1,5,False,739,2.836941813261164,1.0881956664691728,0.4592354533152909,0.2720489166172932,-0.3860137014348249,1.4661335016054031,99.05,14.07,4.74,8
gemini2_flash,tc,eng,0,10,False,741,5.8361673414305,2.3385725011461487,0.5836167341430499,0.2338572501146148,-1.07721198906832,2.001478796307141,97.3,3.91,0.4,15
gemini2_flash,tc,eng,0,100,False,800,61.14025,25.408765809017563,0.6114025000000001,0.2540876580901756,-0.791333473567292,2.4469281377869057,99.88,1.12,0.12,26
gemini2_flash,tc,gro,0,1,True,928,0.6209051724137932,0.6562320930686384,0.6209051724137932,0.6562320930686384,6.524808491373407,1.1788579132429722,76.72,34.16,42.24,11
gemini2_flash,tc,gro,1,3,False,996,2.2768072289156627,1.019476126881388,0.6384036144578313,0.5097380634406941,-0.8945126523568679,1.0238136058985057,97.79,25.0,63.55,9
gemini2_flash,tc,gro,1,5,False,978,3.54959100204499,1.8881951749792028,0.6373977505112475,0.4720487937448007,-0.6610109428114407,1.0628258534550024,99.9,27.81,59.92,7
gemini2_flash,tc,gro,0,10,False,921,6.539087947882736,4.508598713607516,0.6539087947882736,0.4508598713607515,-0.6518348210503369,1.2850523147209365,99.89,24.76,55.81,11
gemini2_flash,tc,gro,0,100,False,984,72.6270325203252,42.35727014673508,0.726270325203252,0.4235727014673508,-1.0272771165673906,1.1961154228901218,100.0,20.73,64.23,18
gemini2_flash,tc,nat,0,1,False,599,0.6525876460767948,0.3387926347042558,0.6525876460767948,0.3387926347042558,-0.791771147002467,1.761753050089876,12.85,1.0,11.85,11
gemini2_flash,tc,nat,1,3,True,718,2.15041782729805,0.7769439405141699,0.575208913649025,0.3884719702570849,-0.5458337011116947,1.420265330328026,89.28,19.08,33.84,8
gemini2_flash,tc,nat,1,5,False,711,3.017580872011252,1.4679081047799158,0.504395218002813,0.3669770261949789,-0.117583949662557,1.5478313310466894,99.3,25.6,22.08,8
gemini2_flash,tc,nat,0,10,False,674,6.390356083086054,3.02808498663119,0.6390356083086054,0.302808498663119,-0.805126402380537,2.1715047881531486,97.48,2.82,12.91,15
gemini2_flash,tc,nat,0,100,False,702,69.2039886039886,30.54608933782896,0.6920398860398861,0.3054608933782896,-1.0998199880227213,2.5495040127477337,99.86,1.42,2.99,32
gemini2_flash,wp_a,coh,0,1,False,1068,0.4125468164794008,0.3152667746432933,0.4125468164794008,0.3152667746432933,0.248677670537864,1.7177119658489748,1.5,1.12,0.37,11
gemini2_flash,wp_a,coh,1,3,False,1026,1.3884990253411305,1.363783968939609,0.1942495126705653,0.6818919844698045,0.778988367742467,1.5539427891407511,91.52,7.99,7.31,8
gemini2_flash,wp_a,coh,1,5,True,915,2.2366120218579235,1.5971366103765832,0.3091530054644809,0.3992841525941458,0.1211131667226557,1.690963459674251,98.14,22.3,11.15,8
gemini2_flash,wp_a,coh,0,10,False,857,5.456476079346557,3.108025249931527,0.5456476079346558,0.3108025249931527,-0.487020082281397,2.10451605689494,98.02,6.88,0.58,13
gemini2_flash,wp_a,coh,0,100,False,988,58.70040485829959,28.79435181059586,0.587004048582996,0.2879435181059586,-0.4920456622894423,2.4760181754064843,100.0,2.43,0.1,26
gemini2_flash,wp_a,enj,0,1,False,1194,0.3198492462311558,0.2494543003439073,0.3198492462311558,0.2494543003439073,0.3138654155550682,1.570106327383853,3.94,3.94,0.0,8
gemini2_flash,wp_a,enj,1,3,False,1127,1.4821650399290152,0.5995203031422991,0.2410825199645075,0.2997601515711495,-0.5147211227803729,0.978735642709698,98.05,42.15,0.53,7
gemini2_flash,wp_a,enj,1,5,True,1147,2.4838709677419355,1.1812438632355968,0.3709677419354839,0.2953109658088992,-0.328046137636386,1.324408136159836,100.0,28.77,0.87,6
gemini2_flash,wp_a,enj,0,10,False,1195,4.923012552301255,2.296972202944056,0.4923012552301254,0.2296972202944056,-0.4824713709491404,1.8375416649173697,100.0,2.09,0.0,10
gemini2_flash,wp_a,enj,0,100,False,1178,43.90152801358234,27.22939989016004,0.4390152801358234,0.2722939989016004,-0.1165723091917521,2.5145488847893698,100.0,0.17,0.0,24
gemini2_flash,wp_a,gra,0,1,False,1200,0.7687083333333333,0.1874555456560894,0.7687083333333333,0.1874555456560894,-2.276242905024038,1.5722348683553808,10.08,2.83,7.25,10
gemini2_flash,wp_a,gra,1,3,False,1198,2.012103505843072,1.0920010041017951,0.5060517529215359,0.5460005020508976,-0.3500126460741167,1.6036321026300755,83.81,1.75,22.45,11
gemini2_flash,wp_a,gra,1,5,True,1200,3.2825,1.7702948200794126,0.570625,0.4425737050198531,-0.803858880170281,1.602951314930412,98.83,5.25,33.5,9
gemini2_flash,wp_a,gra,0,10,False,1200,8.006666666666666,2.425033791288049,0.8006666666666667,0.2425033791288049,-2.076429935802443,1.628977804664472,99.67,1.58,17.75,12
gemini2_flash,wp_a,gra,0,100,False,1200,88.6475,11.179068703757633,0.886475,0.1117906870375763,-4.476693975288677,1.21739662142233,100.0,0.08,2.83,21
gemini2_flash,wp_a,rel,0,1,False,1200,0.3934166666666667,0.3955565611332411,0.3934166666666667,0.3955565611332411,0.3977110275315882,1.9706018553963425,40.58,28.67,11.92,10
gemini2_flash,wp_a,rel,1,3,False,1200,1.4874166666666668,1.1607253449412092,0.2437083333333333,0.5803626724706046,0.1356743766532525,1.5114201418446838,87.25,32.75,24.83,8
gemini2_flash,wp_a,rel,1,5,True,1199,2.4712260216847373,1.9296979538996528,0.3678065054211843,0.4824244884749132,0.3024513748794609,1.3936472188005864,100.0,40.7,31.86,6
gemini2_flash,wp_a,rel,0,10,False,1200,3.96125,3.916785259729379,0.396125,0.3916785259729378,0.4073496270791976,2.014143222837493,99.92,27.42,9.67,12
gemini2_flash,wp_a,rel,0,100,False,1200,39.785833333333336,41.42346314959139,0.3978583333333333,0.4142346314959139,0.3727339487288288,2.214491961902469,100.0,15.25,7.25,23
gemini3_flash,summeval,coh,0,1,False,1950,0.4271794871794871,0.4946687506933882,0.4271794871794871,0.4946687506933882,0.2944213181788366,0.6825037113089323,100.0,57.28,42.72,2
gemini3_flash,summeval,coh,1,3,False,2376,2.3143939393939394,0.745397699442143,0.6571969696969697,0.3726988497210715,-0.5812551576458399,1.019552535703228,100.0,17.0,48.44,3
gemini3_flash,summeval,coh,1,5,True,3391,3.75493954585668,1.22971356320878,0.6887348864641699,0.307428390802195,-0.661406368937962,1.4538692939576623,99.94,5.04,36.21,7
gemini3_flash,summeval,coh,0,10,False,3358,6.247766527695057,3.3324508671100785,0.6247766527695057,0.3332450867110078,-0.5212632338519427,2.178297084667799,97.68,0.36,17.48,17
gemini3_flash,summeval,coh,0,100,False,2950,44.51254237288136,39.46510596022256,0.4451254237288136,0.3946510596022256,0.2552402545383879,2.413194082972145,100.0,0.31,8.81,29
gemini3_flash,summeval,con,0,1,False,3664,0.9066593886462884,0.2909091638739266,0.9066593886462884,0.2909091638739266,-2.795782595714484,0.3101993939078543,100.0,9.33,90.67,2
gemini3_flash,summeval,con,1,3,False,3859,2.7978750971754343,0.5558570735712007,0.898937548587717,0.2779285367856003,-2.617984741339722,0.470520818706952,100.0,7.39,87.17,3
gemini3_flash,summeval,con,1,5,True,4255,5.192009400705053,30.914339510721653,1.0480023501762632,7.728584877680413,64.25178808376894,0.0043974688538426,100.0,5.48,87.69,7
gemini3_flash,summeval,con,0,10,False,4111,4.489540257844807,4.282517231576145,0.4489540257844807,0.4282517231576145,0.50383726678474,1.1173494992439743,99.73,0.92,32.6,14
gemini3_flash,summeval,con,0,100,False,3828,39.352403343782655,47.10498071236787,0.3935240334378265,0.4710498071236786,0.4655842138190433,1.16991649653276,100.0,1.67,34.67,24
gemini3_flash,summeval,flu,0,1,False,4689,0.7123053956067392,0.452687992988842,0.7123053956067392,0.452687992988842,-0.9379767031372191,0.6000745414255739,100.0,28.77,71.23,2
gemini3_flash,summeval,flu,1,3,False,4635,2.773678532901834,0.4592543041285848,0.8868392664509169,0.2296271520642925,-1.8476419618237017,0.5729130776677132,100.0,1.79,79.16,3
gemini3_flash,summeval,flu,1,5,True,4690,4.56727078891258,0.6842776008236203,0.891817697228145,0.171069400205905,-2.0157085294633568,0.9404474731181842,97.93,0.72,64.16,8
gemini3_flash,summeval,flu,0,10,False,4718,7.536519711742264,3.052841734607863,0.7536519711742264,0.3052841734607863,-1.555631587076216,1.6639076916436573,82.9,0.0,6.49,18
gemini3_flash,summeval,flu,0,100,False,4712,35.73217317487266,39.40568677166078,0.3573217317487266,0.3940568677166078,0.7556264036133284,1.395291631354499,100.0,0.02,0.79,35
gemini3_flash,summeval,rel,0,1,False,2946,0.2454175152749491,0.430334472789735,0.2454175152749491,0.430334472789735,1.1831842477069785,0.5572445422489176,100.0,75.46,24.54,2
gemini3_flash,summeval,rel,1,3,False,3706,2.384241770102536,0.688514931928026,0.6921208850512682,0.344257465964013,-0.6707907430261552,0.9663851484139416,100.0,11.87,50.3,3
gemini3_flash,summeval,rel,1,5,True,4049,4.038404544331934,1.0829145398217117,0.7596011360829834,0.2707286349554279,-0.8924910765084141,1.4609476721820258,95.33,2.69,45.57,8
gemini3_flash,summeval,rel,0,10,False,3810,6.817979002624672,2.8910904153252206,0.6817979002624672,0.2891090415325221,-1.0359131965940125,2.1782932100039845,92.89,0.34,5.77,18
gemini3_flash,summeval,rel,0,100,False,3224,41.44292803970223,37.88627154492068,0.4144292803970223,0.3788627154492069,0.327070141883837,2.316944876060602,100.0,0.47,2.05,32
gemini3_flash,newsroom,coh,0,1,False,900,0.17,0.375632799419859,0.17,0.375632799419859,1.757035064614506,0.4558862130273582,100.0,83.0,17.0,2
gemini3_flash,newsroom,coh,1,3,False,1006,1.497017892644135,0.768082902819941,0.2485089463220676,0.3840414514099704,1.135371750867969,0.858490894256279,100.0,67.3,17.0,3
gemini3_flash,newsroom,coh,1,5,True,1090,2.1591743119266056,1.432785590239169,0.2897935779816514,0.3581963975597922,0.9512356860158764,1.3688493005340725,99.91,49.08,13.49,6
gemini3_flash,newsroom,coh,0,10,False,1054,3.143738140417457,3.2287803361244305,0.3143738140417457,0.322878033612443,0.894513300001015,2.188679555405844,98.96,23.24,5.22,15
gemini3_flash,newsroom,coh,0,100,False,950,18.63157894736842,28.45012353375416,0.1863157894736842,0.2845012353375416,1.8625001808112391,2.455513879543741,100.0,22.21,3.58,30
gemini3_flash,newsroom,flu,0,1,False,1148,0.3806620209059233,0.4855496336583333,0.3806620209059233,0.4855496336583333,0.4915583117422399,0.6643872878142876,100.0,61.93,38.07,2
gemini3_flash,newsroom,flu,1,3,False,1132,2.131625441696113,0.8652027526360365,0.5658127208480566,0.4326013763180182,-0.2566892163765765,1.0636973393960705,100.0,31.71,44.88,3
gemini3_flash,newsroom,flu,1,5,True,1157,3.438202247191011,1.5646073234653637,0.6095505617977528,0.3911518308663409,-0.5401137430959125,1.566215187428704,97.75,22.3,35.52,9
gemini3_flash,newsroom,flu,0,10,False,1157,6.358686257562662,3.2787054493512287,0.6358686257562662,0.3278705449351228,-0.7670183597032023,2.3901974535707984,87.04,4.32,4.75,21
gemini3_flash,newsroom,flu,0,100,False,1142,28.800788091068306,34.26881894803859,0.2880078809106829,0.3426881894803859,1.1425585890668548,2.0610330278148754,99.91,2.54,0.7,46
gemini3_flash,newsroom,inf,0,1,False,993,0.5800604229607251,0.4935487095265773,0.5800604229607251,0.4935487095265773,-0.3244276458042848,0.6802724897743433,100.0,41.99,58.01,2
gemini3_flash,newsroom,inf,1,3,False,1078,2.198515769944341,0.9155012340196864,0.5992578849721707,0.4577506170098432,-0.4019975447469882,0.957398972378246,100.0,33.95,53.8,3
gemini3_flash,newsroom,inf,1,5,True,1148,3.5304878048780486,1.7264929223216896,0.6326219512195121,0.4316232305804224,-0.5735099703901155,1.262636334780547,100.0,27.18,50.7,5
gemini3_flash,newsroom,inf,0,10,False,1126,4.144316163410302,4.063035577314992,0.4144316163410301,0.4063035577314992,0.417093660400292,1.915801136157146,97.96,17.85,18.03,15
gemini3_flash,newsroom,inf,0,100,False,1098,29.00910746812386,41.29574693437851,0.2900910746812386,0.4129574693437851,0.9809988652017496,1.7002302771031816,100.0,17.94,18.58,29
gemini3_flash,newsroom,rel,0,1,False,717,0.0976290097629009,0.2968123754421576,0.0976290097629009,0.2968123754421576,2.7112817626804944,0.3198419222097488,100.0,90.24,9.76,2
gemini3_flash,newsroom,rel,1,3,False,869,1.5592635212888375,0.7213638858148579,0.2796317606444188,0.3606819429074289,0.8868738796350207,0.9471091956745568,100.0,57.77,13.69,3
gemini3_flash,newsroom,rel,1,5,True,836,2.501196172248804,1.4372849553432896,0.3752990430622009,0.3593212388358224,0.4967600921659914,1.530439854548857,100.0,35.41,14.71,5
gemini3_flash,newsroom,rel,0,10,False,783,3.960408684546616,3.1923785095403234,0.3960408684546616,0.3192378509540323,0.2013325791215363,2.235787046515977,100.0,19.92,0.0,10
gemini3_flash,newsroom,rel,0,100,False,849,22.82037691401649,27.937395464623147,0.2282037691401648,0.2793739546462315,1.211053305321861,2.646959245048239,99.88,18.96,0.71,30
gemini3_flash,tc,coh,0,1,True,905,0.5193370165745856,0.4996259398690126,0.5193370165745856,0.4996259398690126,-0.0774059752768451,0.6923991536065487,100.0,48.07,51.93,2
gemini3_flash,tc,coh,1,3,False,1013,2.1579466929911155,0.9228526362718272,0.5789733464955578,0.4614263181359135,-0.3175031559436423,0.9669450801945992,100.0,35.93,51.73,3
gemini3_flash,tc,coh,1,5,False,1027,3.392891918208374,1.738984838281533,0.5982229795520935,0.4347462095703832,-0.3809707433412112,1.332285677016907,99.9,27.26,47.71,6
gemini3_flash,tc,coh,0,10,False,969,3.2899896800825594,3.3445908303394782,0.3289989680082559,0.3344590830339478,0.7757360337711051,1.6670192490016749,100.0,9.49,0.0,10
gemini3_flash,tc,coh,0,100,False,942,3.846072186836518,3.6573923145541496,0.0384607218683651,0.0365739231455415,0.4295312952745378,1.7150951856178556,100.0,13.38,0.0,10
gemini3_flash,tc,eng,0,1,False,618,0.0566343042071197,0.2311425097079616,0.0566343042071197,0.2311425097079616,3.836297324564429,0.217604457790269,100.0,94.34,5.66,2
gemini3_flash,tc,eng,1,3,True,852,1.5774647887323945,0.7053512127069811,0.2887323943661972,0.3526756063534905,0.8080383148743538,0.9560560409645176,100.0,54.93,12.68,3
gemini3_flash,tc,eng,1,5,False,958,2.4478079331941545,1.38508698906809,0.3619519832985386,0.3462717472670225,0.3365192027281805,1.6725211541643268,94.15,38.52,6.68,9
gemini3_flash,tc,eng,0,10,False,865,4.93757225433526,3.089630035980065,0.493757225433526,0.3089630035980065,-0.1742987415802583,2.4870771301834607,88.21,5.09,0.0,20
gemini3_flash,tc,eng,0,100,False,852,21.77582159624413,27.645224352305387,0.2177582159624413,0.2764522435230539,1.4431642761150911,2.604528604205215,100.0,5.63,0.0,34
gemini3_flash,tc,gro,0,1,True,849,0.5983510011778563,0.4902316601029694,0.5983510011778563,0.4902316601029694,-0.4012429599393826,0.6736746160833755,100.0,40.16,59.84,2
gemini3_flash,tc,gro,1,3,False,962,2.2474012474012475,0.9091350342595949,0.6237006237006237,0.4545675171297973,-0.5072934827314375,0.9316226976074998,100.0,32.02,56.76,3
gemini3_flash,tc,gro,1,5,False,916,3.7041484716157207,1.761680989307424,0.6760371179039302,0.440420247326856,-0.7795530586340231,1.031749150372667,100.0,27.73,60.04,5
gemini3_flash,tc,gro,0,10,False,972,3.760802469135802,4.018493331642446,0.3760802469135802,0.4018493331642446,0.6370665636937144,1.724830045409519,99.69,17.8,18.31,13
gemini3_flash,tc,gro,0,100,False,998,24.26452905811623,40.32135647401345,0.2426452905811623,0.4032135647401345,1.241416508018479,1.205936632599781,100.0,25.45,18.84,24
gemini3_flash,tc,nat,0,1,False,880,0.4147727272727273,0.4926827701305081,0.4147727272727273,0.4926827701305081,0.3459722072468523,0.6785486257683504,100.0,58.52,41.48,2
gemini3_flash,tc,nat,1,3,True,982,1.994908350305499,0.881453242369806,0.4974541751527495,0.440726621184903,0.0098948190930562,1.0692454114606365,100.0,39.1,38.59,3
gemini3_flash,tc,nat,1,5,False,1022,2.915851272015656,1.6379080762771756,0.4789628180039139,0.4094770190692939,0.0155333811555149,1.5551297805977,98.83,34.64,25.64,9
gemini3_flash,tc,nat,0,10,False,1037,5.124879459980714,3.448837813827619,0.5124879459980713,0.3448837813827619,-0.1218419333256376,2.2110911687364405,92.77,2.22,1.83,18
gemini3_flash,tc,nat,0,100,False,1013,23.5004935834156,31.84468803001114,0.2350049358341559,0.3184468803001113,1.359618716589962,2.299608502309773,100.0,9.08,0.39,33
gemini3_flash,wp_a,coh,0,1,False,961,0.2289281997918834,0.4201429270283279,0.2289281997918834,0.4201429270283279,1.2903789771038543,0.5379780265125192,100.0,77.11,22.89,2
gemini3_flash,wp_a,coh,1,3,False,1068,2.02247191011236,0.8532053871908907,0.5112359550561798,0.4266026935954453,-0.0428520390289638,1.0893665816154725,100.0,35.3,37.55,3
gemini3_flash,wp_a,coh,1,5,True,1095,3.102739726027397,1.4713991045775183,0.5256849315068494,0.3678497761443796,-0.2539982181544168,1.5795132131529113,99.54,24.38,20.18,6
gemini3_flash,wp_a,coh,0,10,False,1098,5.8096539162112935,3.171583423194265,0.5809653916211293,0.3171583423194266,-0.4668662438620693,2.3130541682428296,90.71,2.73,0.27,19
gemini3_flash,wp_a,coh,0,100,False,1074,25.92644320297952,31.86860811894019,0.2592644320297951,0.3186860811894018,1.2541916904532486,2.3605569374777566,100.0,4.1,0.09,32
gemini3_flash,wp_a,enj,0,1,False,1199,0.0033361134278565,0.0576626722850495,0.0033361134278565,0.0576626722850495,17.22653033202958,0.0223562264525478,100.0,99.67,0.33,2
gemini3_flash,wp_a,enj,1,3,False,1195,1.806694560669456,0.5744536742520037,0.403347280334728,0.2872268371260018,0.0278974436092183,0.8586632534335383,100.0,28.03,8.7,3
gemini3_flash,wp_a,enj,1,5,True,1198,2.989983305509182,1.102955431645095,0.4974958263772955,0.2757388579112736,-0.547120039787045,1.6022559651612351,92.49,13.36,1.59,9
gemini3_flash,wp_a,enj,0,10,False,1198,5.836393989983305,2.35505232867877,0.5836393989983305,0.235505232867877,-0.7857109879398003,2.3731724079245047,86.14,1.25,0.0,19
gemini3_flash,wp_a,enj,0,100,False,1195,21.97154811715481,26.85783169849636,0.2197154811715481,0.2685783169849636,1.446816079736798,2.333112096296176,100.0,1.0,0.0,35
gemini3_flash,wp_a,gra,0,1,False,1006,0.6003976143141153,0.4898166177663169,0.6003976143141153,0.4898166177663169,-0.4099396005466408,0.6728501188729303,100.0,39.96,60.04,2
gemini3_flash,wp_a,gra,1,3,False,958,2.6910229645093944,0.5582394760539889,0.8455114822546973,0.2791197380269944,-1.6381608144514912,0.6988763996131419,100.0,4.91,74.01,3
gemini3_flash,wp_a,gra,1,5,True,1080,4.410462962962964,0.7037806427237838,0.8526157407407408,0.1759451606809459,-1.52735168442208,1.186323753068157,92.78,0.83,48.7,9
gemini3_flash,wp_a,gra,0,10,False,1151,7.321980886185925,3.018341539715668,0.7321980886185926,0.3018341539715668,-1.4904019014387866,1.8019798415073325,77.67,0.0,1.82,17
gemini3_flash,wp_a,gra,0,100,False,1103,37.17860380779692,39.43117550923086,0.3717860380779692,0.3943117550923086,0.6102309806163423,1.8844151444911492,100.0,0.0,0.36,29
gemini3_flash,wp_a,rel,0,1,False,1080,0.2805555555555555,0.4492706709796101,0.2805555555555555,0.4492706709796101,0.9768919211483706,0.5934772531691903,100.0,71.94,28.06,2
gemini3_flash,wp_a,rel,1,3,False,1044,1.9722222222222223,0.9213279835646352,0.4861111111111111,0.4606639917823175,0.0549580487844374,1.0118284696072388,100.0,43.87,41.09,3
gemini3_flash,wp_a,rel,1,5,True,1095,3.2575342465753425,1.657933836132056,0.5643835616438356,0.414483459033014,-0.2963105537156133,1.4747783195421675,99.82,27.95,36.8,7
gemini3_flash,wp_a,rel,0,10,False,1129,4.404340124003543,3.6015778371552694,0.4404340124003543,0.3601577837155269,0.2766709686735262,2.2340141744851434,97.43,7.88,7.62,19
gemini3_flash,wp_a,rel,0,100,False,1126,24.396092362344582,33.78338875773041,0.2439609236234458,0.3378338875773041,1.3272944153833912,2.2777654422891533,100.0,11.9,5.24,28
gemini31_pro,summeval,coh,0,1,False,1449,1.9697469289164944,52.90305560020405,1.9697469289164944,52.90305560020405,38.02243961060006,0.0057131013094207,68.12,28.3,39.68,69
gemini31_pro,summeval,coh,1,3,False,1450,2.101241379310345,1.0884211170052358,0.5506206896551724,0.5442105585026179,4.74300436670615,1.0235135380014355,98.21,39.79,48.76,7
gemini31_pro,summeval,coh,1,5,True,1451,4.835354927636113,52.8359648744339,0.9588387319090284,13.208991218608476,37.95272413390624,0.0114118797465801,99.38,28.88,46.18,14
gemini31_pro,summeval,coh,0,10,False,1417,5.821249117854622,3.853384538139561,0.5821249117854622,0.3853384538139561,-0.2061893617634366,2.1029917636745243,98.59,5.86,27.52,25
gemini31_pro,summeval,coh,0,100,False,1425,56.648231578947374,39.62160361220267,0.5664823157894737,0.3962160361220266,-0.2442270071982198,2.4593270602732957,99.65,5.19,27.58,44
gemini31_pro,summeval,con,0,1,False,1422,0.6535232067510549,0.4763944287161619,0.6535232067510549,0.4763944287161619,-0.627864436905563,0.7012261500626686,99.3,34.6,64.63,11
gemini31_pro,summeval,con,1,3,False,1407,2.869431414356788,19.8795862936024,0.9347157071783936,9.9397931468012,37.277328802758,0.0117249523639811,99.93,33.69,65.6,7
gemini31_pro,summeval,con,1,5,True,1398,4.087267525035766,1.6628038272494243,0.7718168812589413,0.4157009568123561,-1.2961674404333228,0.6229654961760328,100.0,21.89,76.47,6
gemini31_pro,summeval,con,0,10,False,1393,7.303661162957646,4.227601449842951,0.7303661162957645,0.4227601449842952,-0.989963730498056,0.9848325302013948,100.0,14.86,69.06,10
gemini31_pro,summeval,con,0,100,False,1401,66.9121199143469,68.33695717800302,0.6691211991434689,0.6833695717800302,15.403451530306995,0.7220235261357273,99.86,14.28,60.03,35
gemini31_pro,summeval,flu,0,1,False,1472,0.8071942934782609,0.3555318967987945,0.8071942934782609,0.3555318967987945,-1.6557802006770097,1.2358161534189849,78.74,14.06,64.67,18
gemini31_pro,summeval,flu,1,3,False,1463,2.7561859193438143,0.5678932523122905,0.8780929596719071,0.2839466261561452,-2.243260145718468,0.6745210083745876,97.27,6.77,81.95,6
gemini31_pro,summeval,flu,1,5,True,1461,4.271389459274469,0.958461035230907,0.8178473648186174,0.2396152588077267,-1.7914896396996445,1.2679043870809967,94.87,3.97,47.91,8
gemini31_pro,summeval,flu,0,10,False,1465,8.487372013651877,2.479061308403013,0.8487372013651878,0.2479061308403013,-2.341718326209868,1.5040985192717606,99.04,1.43,44.71,15
gemini31_pro,summeval,flu,0,100,False,1493,74.7073007367716,35.87431631328639,0.7470730073677161,0.3587431631328638,-1.2589675193811831,2.0231287432801124,100.0,0.74,36.24,31
gemini31_pro,summeval,rel,0,1,False,1420,0.8429697183098593,13.279930556243905,0.8429697183098593,13.279930556243905,37.40189216112483,0.0174451163405923,48.59,37.39,10.85,79
gemini31_pro,summeval,rel,1,3,False,1398,3.51156652360515,54.22387006026785,1.255783261802575,27.111935030133925,36.822746905196034,0.0117912478882078,94.78,42.35,31.47,14
gemini31_pro,summeval,rel,1,5,True,1410,3.353617021276596,5.273010804609249,0.588404255319149,1.3182527011523122,33.00144642672826,0.6986354424055532,99.5,19.86,26.17,10
gemini31_pro,summeval,rel,0,10,False,1386,5.613059163059163,3.567410371662825,0.5613059163059163,0.3567410371662824,0.122200132384739,2.2799979454236703,96.97,13.06,9.24,25
gemini31_pro,summeval,rel,0,100,False,1362,56.19552129221732,37.02196318684938,0.5619552129221733,0.3702196318684938,-0.4479617411853656,2.8744576879592323,99.71,11.38,7.71,71
gpt54,summeval,coh,0,1,False,1584,0.7773737373737375,0.2364714233427566,0.7773737373737375,0.2364714233427566,-1.329367701931222,3.077165098668223,15.03,0.44,14.58,83
gpt54,summeval,coh,1,3,False,1584,2.4863636363636363,0.5987916359837958,0.743181818181818,0.2993958179918979,-0.9487441601896388,2.090971558213961,59.91,2.9,43.31,20
gpt54,summeval,coh,1,5,True,1584,3.857070707070707,1.184101545370153,0.7142676767676768,0.2960253863425383,-0.776789221287237,1.640333967645642,91.54,3.03,37.69,10
gpt54,summeval,coh,0,10,False,1584,7.328156565656565,2.268424037046608,0.7328156565656565,0.2268424037046608,-1.21564298623506,2.362356851359897,44.95,0.0,3.98,37
gpt54,summeval,coh,0,100,False,1584,75.14709595959596,22.69726553527254,0.7514709595959596,0.2269726553527253,-1.2492549918347653,2.8426453112255494,100.0,0.0,2.78,56
gpt54,summeval,con,0,1,False,1566,0.9052681992337164,0.2285146067867273,0.9052681992337164,0.2285146067867273,-2.452442458983352,1.1411121647206997,80.91,1.15,79.76,61
gpt54,summeval,con,1,3,False,1566,2.7743933588761167,0.5506081472870092,0.8871966794380587,0.2753040736435047,-2.3159136060484564,0.7405821491074762,94.13,4.73,83.65,15
gpt54,summeval,con,1,5,True,1566,4.584610472541507,0.9956928674682304,0.8961526181353767,0.2489232168670576,-2.43775372296226,0.8199267762516287,97.0,2.87,80.72,9
gpt54,summeval,con,0,10,False,1566,9.038633461047256,2.250643823823665,0.9038633461047252,0.2250643823823665,-2.4239062726150493,1.1423447181088409,93.42,0.57,75.54,18
gpt54,summeval,con,0,100,False,1566,90.70370370370372,22.48002545355349,0.9070370370370372,0.2248002545355349,-2.4561861468839536,1.2812421969572338,100.0,0.32,76.82,80
gpt54,summeval,flu,0,1,False,1592,0.730282663316583,0.3017879850833121,0.730282663316583,0.3017879850833121,-1.6162010196652747,2.8610656364262868,12.31,9.99,2.32,83
gpt54,summeval,flu,1,3,False,1592,2.761118090452261,0.413271670323325,0.8805590452261306,0.2066358351616625,-2.340547479050488,1.7067528809549086,60.18,1.13,56.72,20
gpt54,summeval,flu,1,5,True,1592,4.306658291457286,0.844346191603582,0.8266645728643216,0.2110865479008955,-1.694130541302407,1.5321972141257787,74.69,0.63,40.08,12
gpt54,summeval,flu,0,10,False,1600,8.13525,1.7330089259723966,0.8135249999999999,0.1733008925972396,-1.960566416921508,2.1557165342937443,30.44,0.06,5.25,39
gpt54,summeval,flu,0,100,False,1600,83.868125,17.372017268710476,0.8386812499999999,0.1737201726871047,-2.2882190947329284,2.719806229182816,100.0,0.0,1.25,71
gpt54,summeval,rel,0,1,False,1552,0.6521842783505155,0.2268953606869989,0.6521842783505155,0.2268953606869989,-0.7275658094565837,3.435111243217286,2.45,1.03,1.42,86
gpt54,summeval,rel,1,3,False,1552,2.1660438144329897,0.5615932032310816,0.5830219072164948,0.2807966016155408,-0.1805149566050544,2.2911439352228915,49.16,3.93,16.56,20
gpt54,summeval,rel,1,5,True,1552,3.484213917525773,1.03385452605452,0.6210534793814433,0.25846363151363,-0.5345746934936346,1.9751198423318737,66.56,2.58,10.18,9
gpt54,summeval,rel,0,10,False,1552,6.34555412371134,2.252148075911864,0.634555412371134,0.2252148075911864,-0.5879288141961877,2.490344870378741,24.23,0.26,0.52,29
gpt54,summeval,rel,0,100,False,1552,65.45038659793815,23.12511047296044,0.6545038659793814,0.2312511047296044,-0.7012468953350737,3.060636273070777,100.0,0.13,0.39,74
gpt54,newsroom,coh,0,1,False,420,0.2850714285714286,0.3210106727833458,0.2850714285714286,0.3210106727833458,0.9758690074689708,2.8385203435501807,34.76,30.71,4.05,56
gpt54,newsroom,coh,1,3,False,420,1.458095238095238,0.6649784747509397,0.229047619047619,0.3324892373754698,1.2753443424480762,1.6820097065491897,74.76,54.29,9.29,18
gpt54,newsroom,coh,1,5,True,420,1.835,1.222658598145471,0.20875,0.3056646495363677,1.5389222470296742,1.4177844165037414,92.14,53.81,7.86,10
gpt54,newsroom,coh,0,10,False,420,2.7033333333333336,2.837149530835035,0.2703333333333333,0.2837149530835035,1.152963785062313,2.823943660885894,46.9,18.1,1.67,32
gpt54,newsroom,coh,0,100,False,420,27.46904761904762,28.9998603288528,0.2746904761904762,0.289998603288528,1.1368696374517662,2.9525121288165934,100.0,15.0,1.67,43
gpt54,newsroom,flu,0,1,False,406,0.4533251231527094,0.386509614980372,0.4533251231527094,0.386509614980372,0.1939517668091258,3.121516190454708,16.5,13.79,2.71,62
gpt54,newsroom,flu,1,3,False,416,2.4052884615384613,0.7829130228865308,0.7026442307692307,0.3914565114432654,-0.853791418085553,2.022192850918742,55.05,7.45,46.15,20
gpt54,newsroom,flu,1,5,True,420,3.501666666666666,1.5918608707252124,0.6254166666666667,0.3979652176813031,-0.5375555312675611,2.0202463280388696,71.43,15.0,33.1,15
gpt54,newsroom,flu,0,10,False,419,6.571121718377087,3.407180601123035,0.6571121718377088,0.3407180601123035,-0.664384134631972,2.84883912513732,22.91,3.1,7.16,42
gpt54,newsroom,flu,0,100,False,420,65.37619047619047,34.28822378382166,0.6537619047619048,0.3428822378382166,-0.6315704482428446,2.944705069883022,100.0,0.24,2.62,68
gpt54,newsroom,inf,0,1,False,420,0.500452380952381,0.4271121578127622,0.500452380952381,0.4271121578127622,0.10328447186916,2.310718148056265,62.38,26.67,35.71,64
gpt54,newsroom,inf,1,3,False,420,2.046190476190476,0.9141010478188848,0.5230952380952381,0.4570505239094423,-0.0445270256963562,1.4828039123972403,85.24,33.57,44.52,16
gpt54,newsroom,inf,1,5,True,420,2.994047619047619,1.740781925462848,0.4985119047619047,0.435195481365712,0.0732785028407962,1.5477463812034058,94.52,30.95,37.38,9
gpt54,newsroom,inf,0,10,False,420,4.864047619047619,4.117271148712232,0.4864047619047619,0.4117271148712231,0.181322596017159,2.3048766653636323,84.05,21.19,29.05,23
gpt54,newsroom,inf,0,100,False,420,49.45952380952381,41.97715682381714,0.4945952380952381,0.4197715682381713,0.156481852506038,2.468804815134096,100.0,20.95,33.1,51
gpt54,newsroom,rel,0,1,False,420,0.2192380952380952,0.241503998736865,0.2192380952380952,0.241503998736865,1.1793370743260994,2.772999233639793,31.9,31.9,0.0,57
gpt54,newsroom,rel,1,3,False,194,1.3010309278350516,0.4609481142080122,0.1505154639175257,0.2304740571040061,1.6676950168171625,1.4497662093291248,70.62,58.25,1.55,12
gpt54,newsroom,rel,1,5,True,420,1.7,0.9797958971132712,0.175,0.2449489742783178,1.478836906341754,1.5591475002890087,70.48,50.0,0.48,9
gpt54,newsroom,rel,0,10,False,418,2.173684210526316,2.2643537510394407,0.2173684210526315,0.226435375103944,1.2881639108928222,2.6218791557799546,39.0,21.29,0.24,30
gpt54,newsroom,rel,0,100,False,420,20.835714285714285,23.73071469062597,0.2083571428571428,0.2373071469062596,1.4735794607508768,2.808115480307838,100.0,22.38,0.24,51
gpt54,tc,coh,0,1,True,360,0.5805277777777778,0.3490765584693986,0.5805277777777778,0.3490765584693986,-0.2432227142026323,3.288464475373832,10.83,2.22,8.61,57
gpt54,tc,coh,1,3,False,360,2.1305555555555555,0.9050228494489472,0.5652777777777778,0.4525114247244735,-0.259648634376909,1.015376000244582,100.0,35.28,48.33,3
gpt54,tc,coh,1,5,False,360,3.316666666666667,1.605459435800232,0.5791666666666667,0.401364858950058,-0.2248341010088184,1.4727380784388535,100.0,19.17,39.72,5
gpt54,tc,coh,0,10,False,360,5.616666666666666,3.423407983606719,0.5616666666666666,0.3423407983606719,-0.1175430529132209,2.1553665503203017,100.0,6.39,17.78,10
gpt54,tc,coh,0,100,False,360,56.92777777777778,33.70608757340687,0.5692777777777778,0.3370608757340687,-0.2630268170879767,2.973096025460722,100.0,1.67,0.56,48
gpt54,tc,eng,0,1,False,360,0.3094166666666667,0.2407983106022317,0.3094166666666667,0.2407983106022317,0.6648624365172459,3.29141696249531,1.11,1.11,0.0,68
gpt54,tc,eng,1,3,True,360,1.5333333333333334,0.6658328118479394,0.2666666666666666,0.3329164059239697,0.8659954524232532,0.9163580221305176,100.0,56.39,9.72,3
gpt54,tc,eng,1,5,False,360,2.0694444444444446,1.0740162021446118,0.2673611111111111,0.2685040505361529,0.6555292188373104,1.3258461242239177,100.0,38.61,0.56,5
gpt54,tc,eng,0,10,False,360,2.9611111111111112,2.141816178669373,0.2961111111111111,0.2141816178669373,0.522089723150978,2.024651256057096,100.0,11.39,0.0,9
gpt54,tc,eng,0,100,False,360,32.172222222222224,24.563710938327876,0.3217222222222222,0.2456371093832787,0.5296140312816061,2.9291035731375947,100.0,2.22,0.0,54
gpt54,tc,gro,0,1,True,360,0.4914722222222222,0.3940090231701632,0.4914722222222222,0.3940090231701632,0.1343062753590016,3.0969443400566616,36.39,13.33,23.06,73
gpt54,tc,gro,1,3,False,360,2.047222222222222,0.954808331874667,0.5236111111111111,0.4774041659373334,-0.0942430512363173,0.9256857361221472,100.0,43.33,48.06,3
gpt54,tc,gro,1,5,False,360,3.1,1.823001188516709,0.525,0.4557502971291772,-0.0821993696931507,1.2741384039090515,100.0,36.39,43.06,5
gpt54,tc,gro,0,10,False,360,5.169444444444444,4.291679252049149,0.5169444444444445,0.4291679252049148,-0.0221156795201643,1.8642894332272408,100.0,27.22,34.17,11
gpt54,tc,gro,0,100,False,360,52.02777777777778,40.885263652697866,0.5202777777777778,0.4088526365269786,-0.0304524060413451,2.8770736398765684,100.0,16.11,18.33,59
gpt54,tc,nat,0,1,False,360,0.5545277777777777,0.350289244459419,0.5545277777777777,0.350289244459419,-0.2602483150952703,3.422220798387853,2.22,1.94,0.28,81
gpt54,tc,nat,1,3,True,360,2.0527777777777776,0.8755906295851299,0.5263888888888889,0.4377953147925649,-0.1024266531478275,1.0714735116533158,100.0,35.83,41.11,3
gpt54,tc,nat,1,5,False,360,3.1333333333333333,1.5542057635833022,0.5333333333333333,0.3885514408958255,-0.1203764997679575,1.555054652106481,100.0,22.22,28.61,5
gpt54,tc,nat,0,10,False,360,4.961111111111111,3.1461862078270237,0.4961111111111111,0.3146186207827024,-0.0005567907930627,2.1343208148304766,100.0,4.72,1.94,11
gpt54,tc,nat,0,100,False,360,54.00277777777778,32.63352899252811,0.5400277777777779,0.3263352899252811,-0.256770890622941,3.412912119273682,100.0,0.83,0.0,72
gpt54,wp_a,coh,0,1,False,397,0.4218387909319899,0.3313720719707159,0.4218387909319899,0.3313720719707159,0.2005100975144889,3.363429163982611,11.59,11.59,0.0,80
gpt54,wp_a,coh,1,3,False,395,1.922025316455696,0.6869458728826234,0.4610126582278481,0.3434729364413117,-0.0019654748272198,2.6416430633105312,15.19,8.1,5.32,20
gpt54,wp_a,coh,1,5,True,392,2.7785714285714285,1.290921992932468,0.4446428571428571,0.322730498233117,-0.0375175717018505,2.054533271721656,61.48,10.2,2.04,21
gpt54,wp_a,coh,0,10,False,389,5.138046272493574,3.0416800066148224,0.5138046272493574,0.3041680006614822,-0.1458165976078473,3.105956982766735,9.51,2.31,0.0,54
gpt54,wp_a,coh,0,100,False,399,49.6390977443609,32.40285384857018,0.496390977443609,0.3240285384857018,-0.0529624628374665,3.3451059200943694,100.0,1.0,0.0,73
gpt54,wp_a,enj,0,1,False,400,0.4035,0.2476141151065504,0.4035,0.2476141151065504,-0.2272239455670938,3.3081956443046785,10.25,10.25,0.0,73
gpt54,wp_a,enj,1,3,False,399,1.7448621553884711,0.5100173652224372,0.3724310776942355,0.2550086826112186,0.0221912529841648,2.501642470040507,12.03,3.26,0.0,17
gpt54,wp_a,enj,1,5,True,394,2.5817258883248733,1.1082162307974428,0.3954314720812183,0.2770540576993607,0.0873809509990773,2.0512288788472883,52.28,9.39,0.0,14
gpt54,wp_a,enj,0,10,False,392,4.741326530612245,2.463773502773661,0.4741326530612244,0.2463773502773661,-0.0956774821330599,3.331200514562106,5.1,1.02,0.0,58
gpt54,wp_a,enj,0,100,False,395,46.76455696202532,27.960329211471095,0.4676455696202531,0.2796032921147109,-0.1262945749887108,3.279401360272417,100.0,1.01,0.0,65
gpt54,wp_a,gra,0,1,False,400,0.5481,0.28283456295156,0.5481,0.28283456295156,-0.5135682906666531,3.393776854116222,11.0,10.75,0.25,76
gpt54,wp_a,gra,1,3,False,400,2.0995,0.4498885973216036,0.54975,0.2249442986608018,-0.0181358280045015,2.304139418610295,35.75,0.75,3.75,19
gpt54,wp_a,gra,1,5,True,400,3.25875,0.9266463389556988,0.5646875,0.2316615847389247,-0.2385442626781811,1.7723368320324668,70.75,0.5,2.25,9
gpt54,wp_a,gra,0,10,False,400,6.599000000000001,1.879667257787931,0.6598999999999999,0.1879667257787931,-0.6189415930998484,2.6798697973572034,27.0,0.0,0.0,33
gpt54,wp_a,gra,0,100,False,400,72.1175,17.944600685164325,0.7211749999999999,0.1794460068516432,-0.7752156650726401,3.310873013114678,100.0,0.0,0.0,65
gpt54,wp_a,rel,0,1,False,399,0.1912781954887218,0.3108096312341715,0.1912781954887218,0.3108096312341715,1.6097156223957536,2.2053687679040204,57.14,53.88,3.26,60
gpt54,wp_a,rel,1,3,False,397,1.7025188916876577,0.7790025934328423,0.3512594458438287,0.3895012967164211,0.5654629802231123,2.1999627547766543,57.93,39.8,12.59,19
gpt54,wp_a,rel,1,5,True,398,2.367336683417085,1.541645809262666,0.3418341708542713,0.3854114523156665,0.6319421618590774,1.7860975192517552,79.4,40.7,12.06,12
gpt54,wp_a,rel,0,10,False,399,3.641353383458647,3.460405349940535,0.3641353383458646,0.3460405349940534,0.6267459218756884,2.630465842408912,48.87,21.05,2.01,33
gpt54,wp_a,rel,0,100,False,399,36.86967418546366,36.79323869515031,0.3686967418546366,0.3679323869515031,0.6205605022405579,3.0592854800319405,100.0,7.77,1.0,58
opus47,summeval,coh,0,1,False,1584,0.7094381313131313,0.1864175826247608,0.7094381313131313,0.1864175826247608,-0.9629391116580676,1.793872413085886,0.13,0.0,0.13,11
opus47,summeval,coh,1,3,False,1584,2.415467171717172,0.4325247805513468,0.7077335858585858,0.2162623902756734,-0.5612294367749041,1.819945047412134,44.82,0.82,20.45,17
opus47,summeval,coh,1,5,True,1584,3.6090277777777775,1.0672172178790436,0.6522569444444446,0.2668043044697609,-0.3938703719508686,1.865411189018732,70.33,0.32,15.47,17
opus47,summeval,coh,0,10,False,1584,6.746843434343434,1.9055150250892092,0.6746843434343435,0.1905515025089209,-0.9389283692782672,2.070757573358044,20.2,0.0,0.0,17
opus47,summeval,coh,0,100,False,1584,67.99968434343434,16.577426804115756,0.6799968434343434,0.1657742680411575,-0.871090220364327,2.3026764254940915,99.81,0.0,0.0,25
opus47,summeval,con,0,1,False,1566,0.902618135376756,0.2196003359829589,0.902618135376756,0.2196003359829589,-2.2908863089788736,0.982764824068504,78.16,0.06,78.1,11
opus47,summeval,con,1,3,False,1566,2.759003831417625,0.5459522747639493,0.8795019157088121,0.2729761373819746,-2.18856595521115,0.899975571239598,91.12,4.85,80.2,17
opus47,summeval,con,1,5,True,1566,4.452809706257982,1.1647884819665244,0.8632024265644956,0.2911971204916311,-1.7976814754587431,0.6768246467354423,99.55,2.04,80.14,9
opus47,summeval,con,0,10,False,1566,8.922733077905491,2.2922840620694185,0.8922733077905491,0.2292284062069418,-1.88172559853212,1.2403176312621829,93.61,0.0,72.61,20
opus47,summeval,con,0,100,False,1564,89.61828644501279,53.019100434413936,0.8961828644501278,0.5301910043441393,30.530126004914138,0.7153591242626809,100.0,0.0,53.58,23
opus47,summeval,flu,0,1,False,1592,0.7821293969849247,0.1399234386496986,0.7821293969849247,0.1399234386496986,-1.3258152953143043,1.639198757047857,2.7,0.0,2.7,11
opus47,summeval,flu,1,3,False,1592,2.643718592964824,0.4303186165678338,0.8218592964824121,0.2151593082839169,-1.1839608132771782,1.4643435887996732,59.48,0.25,47.55,13
opus47,summeval,flu,1,5,True,1592,4.006595477386934,0.9161315145432696,0.7516488693467337,0.2290328786358174,-0.8119141798910543,1.686042772519722,75.94,0.06,26.88,14
opus47,summeval,flu,0,10,False,1600,7.7025,1.3175237189515794,0.7702500000000001,0.1317523718951579,-1.7949037713805902,1.8078482232875004,26.25,0.0,0.0,16
opus47,summeval,flu,0,100,False,1600,73.778125,12.57289332191978,0.7377812499999998,0.1257289332191978,-1.4167905106303276,1.911857533015572,100.0,0.0,0.0,24
opus47,summeval,rel,0,1,False,1552,0.6942654639175257,0.14372386052987,0.6942654639175257,0.14372386052987,-1.3202377568162686,1.6073574789833016,0.0,0.0,0.0,9
opus47,summeval,rel,1,3,False,1552,2.397487113402061,0.4596055287983129,0.6987435567010309,0.2298027643991564,-0.3953186822347113,1.5246576565109429,61.92,2.0,24.94,12
opus47,summeval,rel,1,5,True,1552,3.624355670103093,0.9555047229399934,0.6560889175257731,0.2388761807349983,-0.6526877867436571,1.3768445232835076,96.46,1.03,13.08,12
opus47,summeval,rel,0,10,False,1552,6.406443298969072,1.6572154727354114,0.6406443298969072,0.1657215472735411,-1.1863344416651307,2.022976742709925,80.99,0.0,0.0,16
opus47,summeval,rel,0,100,False,1552,66.85953608247422,13.53716197819749,0.6685953608247421,0.1353716197819749,-1.320718121481171,2.1357071909819028,100.0,0.0,0.0,21
opus47,newsroom,coh,0,1,False,420,0.3635714285714285,0.2616460843761812,0.3635714285714285,0.2616460843761812,0.54121333916419,2.1042072203398696,5.48,5.48,0.0,10
opus47,newsroom,coh,1,3,False,420,1.6226190476190476,0.6457095009655567,0.3113095238095238,0.3228547504827783,0.6253218514217698,1.6286936458554409,67.38,40.0,6.19,10
opus47,newsroom,coh,1,5,True,420,2.039285714285714,1.098810813598789,0.2598214285714286,0.2747027033996972,1.174754991531466,1.5669964998400894,87.86,32.62,3.57,9
opus47,newsroom,coh,0,10,False,420,3.423809523809524,2.412547509900757,0.3423809523809524,0.2412547509900757,0.8507145746059371,2.372926314336495,60.95,0.71,0.0,17
opus47,newsroom,coh,0,100,False,420,34.68571428571428,24.561318518087315,0.3468571428571428,0.2456131851808731,0.5745826979463895,2.701950153945995,100.0,0.48,0.0,22
opus47,newsroom,flu,0,1,False,406,0.4671182266009852,0.2851562890331899,0.4671182266009852,0.2851562890331899,0.2973162006526092,2.173761097277883,2.22,1.48,0.74,12
opus47,newsroom,flu,1,3,False,416,1.7937500000000002,0.6970469130829441,0.396875,0.348523456541472,0.4731495974683958,1.9942260747166107,46.63,21.88,12.5,14
opus47,newsroom,flu,1,5,True,420,2.492857142857143,1.2625357811323432,0.3732142857142857,0.3156339452830858,0.6904496626715896,1.9154670270829768,64.29,15.95,5.71,9
opus47,newsroom,flu,0,10,False,420,4.596428571428572,2.7411522789379164,0.4596428571428572,0.2741152278937916,0.3153008627838801,2.471548818381049,57.86,0.0,0.0,18
opus47,newsroom,flu,0,100,False,420,44.32380952380952,26.786544325763632,0.4432380952380951,0.2678654432576363,0.3078736149420071,2.5705026150980013,100.0,0.0,0.0,21
opus47,newsroom,inf,0,1,False,420,0.585952380952381,0.3468467448298931,0.585952380952381,0.3468467448298931,-0.4675834854468307,2.237452311289112,33.33,15.48,17.86,11
opus47,newsroom,inf,1,3,False,420,2.1100000000000003,0.783700015494267,0.555,0.3918500077471334,-0.1858767616199158,1.7174476571941943,73.81,22.38,33.33,13
opus47,newsroom,inf,1,5,True,420,3.0464285714285717,1.497493654376525,0.5116071428571428,0.3743734135941312,0.076323720283612,1.7243039925623576,93.57,18.57,26.9,9
opus47,newsroom,inf,0,10,False,420,5.25,3.2622479833332574,0.525,0.3262247983333257,-0.2933096508715617,2.6134292336163734,72.38,14.76,2.38,18
opus47,newsroom,inf,0,100,False,420,53.43333333333333,30.564885444284297,0.5343333333333333,0.305648854442843,-0.4930870750154282,2.6801526628593613,100.0,14.52,0.71,22
opus47,newsroom,rel,0,1,False,420,0.3542857142857143,0.2300221817165306,0.3542857142857143,0.2300221817165306,0.1591965077231169,2.091463939243133,13.57,13.57,0.0,9
opus47,newsroom,rel,1,3,False,420,1.6502380952380953,0.549046741419197,0.3251190476190476,0.2745233707095985,0.2749028366686409,1.4537587419606957,68.33,32.14,2.14,10
opus47,newsroom,rel,1,5,True,420,2.0821428571428573,0.8963099902597627,0.2705357142857142,0.2240774975649406,0.9878115580129668,1.370102651633694,94.05,23.1,0.95,8
opus47,newsroom,rel,0,10,False,418,3.1064593301435406,2.147666230766919,0.310645933014354,0.2147666230766919,0.5986522653452753,2.130285750121266,93.54,11.24,0.0,16
opus47,newsroom,rel,0,100,False,420,35.00952380952381,22.57547984538608,0.3500952380952381,0.2257547984538608,0.1076457462841148,2.635399638329749,100.0,11.9,0.0,21
opus47,tc,coh,0,1,True,360,0.5809722222222222,0.296470720505894,0.5809722222222222,0.296470720505894,-0.2384246016764383,2.063893839843298,3.61,0.28,3.33,11
opus47,tc,coh,1,3,False,360,2.1066666666666665,0.7888881064158874,0.5533333333333333,0.3944440532079437,-0.1315731791572941,1.6039841079586803,73.33,21.11,34.72,8
opus47,tc,coh,1,5,False,360,2.8916666666666666,1.380795865514603,0.4729166666666666,0.3451989663786508,0.4871248978365951,1.758992913418711,87.5,9.72,22.5,10
opus47,tc,coh,0,10,False,360,5.191666666666666,2.888326601261629,0.5191666666666667,0.2888326601261629,-0.0683811266235449,2.3860019719334744,66.11,0.28,0.0,15
opus47,tc,coh,0,100,False,360,54.70555555555556,25.89330613245701,0.5470555555555555,0.2589330613245701,-0.1606611452473917,2.38712876231226,100.0,0.0,0.0,18
opus47,tc,eng,0,1,False,360,0.3877777777777778,0.2558548971488756,0.3877777777777778,0.2558548971488756,0.5132656065610461,1.9295499576728856,0.28,0.28,0.0,10
opus47,tc,eng,1,3,True,360,1.6572222222222224,0.646316963481503,0.3286111111111111,0.3231584817407515,0.5251881674971125,1.7573883162740582,58.89,36.94,3.61,9
opus47,tc,eng,1,5,False,360,2.1194444444444445,0.930746249117832,0.2798611111111111,0.232686562279458,0.8669123068661874,1.8509714268551605,68.89,20.0,1.67,9
opus47,tc,eng,0,10,False,360,3.415833333333333,2.242914615455128,0.3415833333333333,0.2242914615455127,0.7030575806987758,2.250555816771456,73.89,0.0,0.0,18
opus47,tc,eng,0,100,False,360,38.43055555555556,25.41260972479393,0.3843055555555556,0.2541260972479394,0.3417998120960834,2.592081440114094,100.0,0.0,0.0,16
opus47,tc,gro,0,1,True,359,0.4916434540389972,0.366246223561836,0.4916434540389972,0.366246223561836,-0.0352996156198817,2.254185548896192,33.98,20.33,13.65,11
opus47,tc,gro,1,3,False,359,1.8261838440111424,0.8551236237432753,0.413091922005571,0.4275618118716377,0.3084378531945628,1.3059639313559808,89.69,46.8,26.74,6
opus47,tc,gro,1,5,False,359,2.583565459610028,1.5964733384453529,0.395891364902507,0.3991183346113382,0.4348107831133171,1.543806390899948,96.38,38.44,20.33,8
opus47,tc,gro,0,10,False,359,4.459610027855153,3.4764084920950507,0.4459610027855153,0.3476408492095051,0.1116898262240966,2.3622508731196423,90.53,17.55,1.95,16
opus47,tc,gro,0,100,False,359,46.10027855153204,33.81460143366169,0.4610027855153204,0.3381460143366169,-0.0564684712259155,2.4813397299931594,100.0,16.99,1.67,16
opus47,tc,nat,0,1,False,360,0.5411111111111111,0.3054666537336111,0.5411111111111111,0.3054666537336111,0.0152057433674562,2.17614986914786,8.33,0.0,8.33,10
opus47,tc,nat,1,3,True,360,1.930555555555556,0.8220298198309828,0.4652777777777778,0.4110149099154914,0.1095490394431238,1.6242276895718248,76.39,35.28,26.67,8
opus47,tc,nat,1,5,False,360,2.118333333333333,0.7998593626382079,0.2795833333333333,0.1999648406595519,-0.1079875151758921,1.4864615330016668,84.17,24.72,0.28,7
opus47,tc,nat,0,10,False,360,4.663055555555555,2.9497545278703035,0.4663055555555556,0.2949754527870303,0.206059418916768,2.398301747957537,55.28,0.0,0.0,22
opus47,tc,nat,0,100,False,359,50.21169916434541,28.99158992756145,0.502116991643454,0.2899158992756144,-0.0732098298840089,2.667049107199209,100.0,0.0,0.0,26
opus47,wp_a,coh,0,1,False,399,0.4531328320802005,0.2599092957259538,0.4531328320802005,0.2599092957259538,0.1355779506678797,1.895054509766791,0.0,0.0,0.0,9
opus47,wp_a,coh,1,3,False,400,1.8295,0.6930943297993426,0.4147499999999999,0.3465471648996713,0.2323203864652598,2.2957636037207485,37.0,20.25,6.0,15
opus47,wp_a,coh,1,5,True,400,2.43,1.042544963059148,0.3575,0.260636240764787,0.6110283852009305,2.047608550557265,59.75,9.5,1.5,13
opus47,wp_a,coh,0,10,False,400,4.0995,2.333173750495235,0.40995,0.2333173750495235,0.5110779300872969,2.3089790997459687,54.75,0.0,0.0,17
opus47,wp_a,coh,0,100,False,400,44.01625,24.363299467385364,0.4401625,0.2436329946738536,0.2705743066447266,2.633260118202064,99.75,0.0,0.0,25
opus47,wp_a,enj,0,1,False,400,0.30325,0.2028902104587601,0.30325,0.2028902104587601,0.5395339071164315,1.739611301503895,0.5,0.5,0.0,8
opus47,wp_a,enj,1,3,False,400,1.5105000000000002,0.5007891272781388,0.25525,0.2503945636390695,0.5774931109181333,1.75723098293896,53.5,32.75,0.0,11
opus47,wp_a,enj,1,5,True,400,2.0625,0.8115378919064716,0.265625,0.2028844729766179,0.4327050987168982,1.7280465958223414,46.0,15.25,0.0,7
opus47,wp_a,enj,0,10,False,400,2.92875,1.5630254116616271,0.292875,0.1563025411661627,0.9836204753842076,2.1436945323638352,68.75,0.25,0.0,14
opus47,wp_a,enj,0,100,False,397,30.816120906801007,20.11325470120532,0.3081612090680101,0.2011325470120532,0.785405472187478,2.382485544231064,100.0,0.25,0.0,17
opus47,wp_a,gra,0,1,False,400,0.70875,0.1188946487441718,0.70875,0.1188946487441718,-0.3955901087976498,1.5541961620685338,0.0,0.0,0.0,8
opus47,wp_a,gra,1,3,False,400,2.4632500000000004,0.3404033453125865,0.731625,0.1702016726562932,-1.0573892425559948,1.9762045605795848,21.0,0.25,4.75,13
opus47,wp_a,gra,1,5,True,400,3.4815,0.7341374190163583,0.620375,0.1835343547540895,0.0197601675427808,1.8208015540387283,50.5,0.0,0.75,9
opus47,wp_a,gra,0,10,False,400,6.5375,1.5247438309434145,0.65375,0.1524743830943414,-0.6826135992580035,2.15416891629493,34.5,0.0,0.0,14
opus47,wp_a,gra,0,100,False,400,69.7175,12.91966306642708,0.697175,0.1291966306642707,-0.8227523559069184,2.2256714417046326,100.0,0.0,0.0,20
opus47,wp_a,rel,0,1,False,400,0.44625,0.2737442921779374,0.44625,0.2737442921779374,0.0914630209513175,2.012960734877227,0.5,0.25,0.25,11
opus47,wp_a,rel,1,3,False,400,1.7915,0.812605531608049,0.39575,0.4063027658040245,0.3587383533878119,1.6723973312918377,72.75,43.75,19.5,10
opus47,wp_a,rel,1,5,True,400,2.41875,1.373052598227759,0.3546875,0.3432631495569397,0.5610255454319062,1.6551455814566092,94.75,33.0,9.5,9
opus47,wp_a,rel,0,10,False,399,4.06140350877193,2.8888106727241283,0.406140350877193,0.2888810672724128,0.3632037361669863,2.096475765319198,88.72,0.5,0.0,16
opus47,wp_a,rel,0,100,False,400,42.2025,28.93806306147666,0.422025,0.2893806306147666,0.195801538008142,2.723119983462065,100.0,0.75,0.0,24
